gauge_id,num_dams,res_store_sum,n_dams,first_dam_year,last_dam_year,total_storage,reservoir_index,irrigation_frac,hydroelec_frac,drinking_frac,flood_frac,overflow_frac,navigation_frac,tailing_frac,pop_density_2000,pop_density_2005,pop_density_2010,pop_density_2015,pop_density_2020,urban_frac_1985,urban_frac_1995,urban_frac_2005,crops_frac_1985,crops_frac_1995,crops_frac_2005
3001,0,0,1,1909,1909,60456000,,1,0,0,0,0,0,0,55.46890009,57.56983983,59.04925054,60.97815803,67.41752086,0,0.001335621,0.001396888,0.113484867,0.111671364,0.141986276
3002,0,0,1,1982,1982,860000,0.000687915,1,0,0,0,0,0,0,117.1116196,132.9381333,151.3520174,161.9083857,171.5353851,0.002045901,0.00236185,0.002698517,0.467925975,0.498614485,0.510138862
3003,7,6409.09,14,1907,2009,383597000,,1,0,0,0,0,0,0,212.6065685,222.1824029,228.8189752,233.803439,243.3763431,0.003205322,0.003205322,0.003205322,0.500913214,0.500913214,0.512750731
3004,19,5261.42,36,1800,2003,178888000,,0.96969697,0.03030303,0,0,0,0,0,250.5128329,269.7454902,292.3514348,316.9424333,341.5107589,0.006362321,0.006362321,0.006326335,0.928931288,0.928485062,0.936621492
3005,109,57631.899,177,1903,2013,10731908100,0.507788022,0.928961749,0.016393443,0.005464481,0.027322404,0.005464481,0,0,210.474674,222.4414516,234.0552992,249.9443627,265.1050572,0.00651266,0.006843618,0.006950115,0.4922805,0.4800817,0.487042115
3006,2,0,2,1989,1990,1784000,,1,0,0,0,0,0,0,205.93211,220.3283993,234.2148624,255.540376,275.5268082,0.002255604,0.002255604,0.002338803,0.845287728,0.841331176,0.762144673
3007,9,0,21,1910,2002,2557026000,,0.875,0,0,0.125,0,0,0,142.7270743,154.7475473,168.5538526,179.479644,193.4321645,0.000940904,0.000940904,0.000933926,0.506047259,0.42759746,0.37839595
3008,211,151909.551,315,1800,2016,6605221178,0.688826382,0.946031746,0.006349206,0,0.003174603,0,0,0.003174603,202.0284066,214.6487951,229.1077083,240.6401601,254.3816375,0.004876843,0.010087903,0.010749224,0.744807418,0.738861557,0.768538932
3009,18,5140.52,29,1967,2015,264259000,1.430794086,0.966666667,0,0,0,0,0,0,238.2951314,258.7800073,279.3332748,303.7983631,328.1593731,0.001929539,0.003011963,0.003572,0.783402201,0.783124535,0.82551321
3010,704,364768.0714,1252,1800,2016,46866772835,,0.939542484,0.020424837,0.000816993,0.007352941,0.00245098,0,0.000816993,204.498368,218.8614047,234.3978031,251.1304761,269.007254,0.004989074,0.00729462,0.007921558,0.602412852,0.607257005,0.632370025
3011,3,0,8,1966,2011,64016000,,0.888888889,0,0,0,0,0,0,204.2050729,218.9617344,232.5542482,249.4553385,266.4672247,0.003470948,0.004811355,0.004797246,0.779848746,0.771284251,0.792363913
3012,45,0,78,1903,2013,6078729100,,0.948717949,0,0,0.051282051,0,0,0,183.2859922,194.5271645,206.4098879,218.9354851,232.9297973,0.002332286,0.00248382,0.002719965,0.474211724,0.441745194,0.432979164
3013,1,0,4,1986,2001,130165000,0.122752517,1,0,0,0,0,0,0,109.5540525,112.3402763,118.9853488,123.5707934,129.2423627,0.003333857,0.004204242,0.004223095,0.378931658,0.397388845,0.43743912
3014,18,0,29,1970,2015,827734800,,0.8125,0,0,0.03125,0,0,0.03125,169.6346023,178.6250858,189.7035222,198.485589,209.0519786,0.003627298,0.003627298,0.003609262,0.668132282,0.626318152,0.727966669
3015,0,0,0,,,0,,,,,,,,,140.5796686,144.2230947,152.5681515,157.4480775,170.5648855,0,0,0,0.296980853,0.296980853,0.297701956
3016,23,0,39,1968,2003,1484236000,,0.88372093,0.023255814,0,0.023255814,0.023255814,0,0,181.990483,192.6848366,205.39542,219.9307724,233.7160633,0.002571965,0.003400291,0.00348431,0.562770961,0.568229219,0.563006213
3017,1,0,1,1981,1981,1249000,0.000798313,1,0,0,0,0,0,0,73.14753724,68.98930528,68.52158714,76.65371349,85.45797956,0,0,0,0.445131466,0.516540532,0.578391979
3018,10,0,16,1966,2013,9386405000,1.144136011,0.727272727,0.181818182,0,0.045454545,0,0,0,125.4610188,136.5062879,148.9530958,161.4473264,174.5188517,0.004521385,0.005448122,0.00588286,0.454130427,0.475663295,0.503927373
3019,15,0,33,1966,2015,869887000,3.849084142,0.916666667,0,0,0.027777778,0,0,0,234.4791334,254.2439991,267.7656516,294.7533284,313.5595531,0.003375506,0.004645857,0.004697708,0.830457327,0.828315877,0.834118013
3020,130,0,235,1904,2015,6362319473,5.780322899,0.923766816,0.044843049,0,0,0.004484305,0,0,284.2067187,310.4125429,340.1264952,372.3196828,408.535,0.004608332,0.008369218,0.009772509,0.781628211,0.822093537,0.84581721
3021,4,0,9,1916,2012,341499000,,0.8,0.1,0,0,0,0,0,247.2402224,281.7488923,313.2876308,347.7228076,386.3974953,0.003697419,0.000101299,0.005292881,0.534125155,0.612910578,0.700964875
3022,714,22481.91,1277,1781,2016,53764904621,,0.934661355,0.023904382,0.000796813,0.007171315,0.002390438,0,0.000796813,194.6783698,208.2256353,222.8800697,238.6477857,255.5843143,0.005055487,0.007279571,0.007807143,0.576910085,0.58144431,0.605226733
3023,704,0,1252,1800,2016,46866772835,,0.939542484,0.020424837,0.000816993,0.007352941,0.00245098,0,0.000816993,204.5890673,218.9587203,234.5112582,251.2661529,269.1612263,0.004977491,0.007279768,0.007907708,0.603031945,0.607846197,0.632909145
3024,3,0,4,1928,1999,25040000,0.300530681,1,0,0,0,0,0,0,211.4197338,222.0000517,232.6773113,243.762114,253.3969448,0.002527533,0.002527533,0.002506529,0.479139098,0.486658685,0.513467342
3025,137,0,260,1904,2015,6465301473,,0.931451613,0.040322581,0,0,0.004032258,0,0,282.4642619,308.6733741,338.3671288,370.0757803,405.4438833,0.004603148,0.008145499,0.00943384,0.785652964,0.824217468,0.847717657
3026,12,0,12,1965,2008,292997350,,0.916666667,0.083333333,0,0,0,0,0,207.9316675,234.3188981,271.983185,295.1576473,307.4879649,0.002723386,0.002723386,0.002805087,0.056755358,0.718102345,0.799395408
3027,0,0,1,1919,1919,152939000,,1,0,0,0,0,0,0,188.1512875,192.8804842,204.3498802,220.6002388,231.4972867,0.00444073,0.014033206,0.014195367,0.641548268,0.612533836,0.618758342
3028,86,0,120,1800,2016,2241450478,0.609092255,0.94214876,0,0,0.008264463,0,0,0.008264463,201.8631925,212.8372046,225.369336,233.6812987,243.5831491,0.00646262,0.011374011,0.012019271,0.768450179,0.75215124,0.78924989
3029,137,0,259,1904,2015,6453951473,4.887640704,0.931174089,0.04048583,0,0,0.004048583,0,0,282.5074078,308.7243963,338.2165803,369.9529764,405.4706812,0.004589848,0.008158382,0.009450035,0.784557845,0.82321662,0.846759481
3030,43,0,67,1800,2016,1544280088,1.048609061,0.898550725,0,0,0.014492754,0,0,0.014492754,180.6864545,190.0114453,198.2191109,210.542092,221.2261006,0.004701385,0.005151539,0.0052796,0.762802204,0.741090069,0.796053397
3031,7,0,11,1966,2004,9310695000,2.55172471,0.647058824,0.235294118,0,0.058823529,0,0,0,175.1533514,193.0740808,211.1250393,229.0091958,246.5426846,0.008080076,0.009568009,0.010237034,0.561042044,0.586060302,0.605263086
3032,103,0,156,1904,2015,5416133430,,0.899371069,0.056603774,0,0,0.006289308,0,0,320.7881141,349.9829389,383.9692203,419.0719424,459.1212185,0.005615602,0.010658475,0.012485693,0.752670515,0.810955476,0.833891378
3033,1,0,1,2000,2000,970500000,,0.5,0.5,0,0,0,0,0,119.1558379,128.0190908,132.3054723,140.1949819,149.0364413,0.003522424,0.003522424,0.003522424,0.179098603,0.179098603,0.17924495
3034,1,0,2,,,16652000,,1,0,0,0,0,0,0,758.1542815,792.5535981,824.01436,861.0662723,904.2571521,0.022970427,0.046219382,0.046563447,0.610059802,0.54904563,0.59290571
3035,3,0,4,1781,1988,1221315000,,0.666666667,0.166666667,0,0,0,0,0,171.0796718,187.9575077,207.2570787,220.8018043,237.2168145,0.015845479,0.020455931,0.020160894,0.610995063,0.564709585,0.56755768
3036,687,0,1220,1800,2016,37172761665,,0.942712721,0.01769166,0.00084246,0.00673968,0.00252738,0,0.00084246,234.5752088,250.9600341,268.6155757,287.7618355,308.217257,0.005575916,0.008316265,0.009020653,0.677408793,0.681222075,0.707011786
3037,117,0,180,1800,2013,4036614700,,0.95505618,0.005617978,0,0,0,0,0,196.9249783,211.7511946,228.4927289,243.9195769,261.3390492,0.003184782,0.003813357,0.003812019,0.74582198,0.747586895,0.770689043
3038,22,0,42,1800,2003,215991000,0.428956028,0.95,0.025,0,0,0,0,0,247.0582145,264.0162757,289.5941228,312.8120036,336.884281,0.006495564,0.006495564,0.006464444,0.935618663,0.934328603,0.943786212
3039,47,0,72,1800,2016,1557263088,,0.905405405,0,0,0.013513514,0,0,0.013513514,179.4734439,188.9009718,197.0878861,208.7149553,218.6898149,0.00459254,0.005013425,0.005129531,0.769904031,0.749603607,0.801954755
3040,6,0,7,1976,2001,2328444000,2.324730531,1,0,0,0,0,0,0,160.369282,175.6438869,188.5570648,202.8207958,219.7997772,0.001255308,0.001255308,0.001245501,0.670193952,0.636689648,0.541554294
3041,0,0,0,,,0,,,,,,,,,59.26715106,55.66366319,64.19104022,61.28381315,65.09157386,0.001216016,0.001216016,0.001228816,0.467410783,0.467410783,0.468844401
3042,0,0,1,1977,1977,700000,,1,0,0,0,0,0,0,122.4793569,135.2687926,151.8327332,163.5994022,176.8818436,0.008100323,0.011412627,0.011631729,0.648257818,0.682128381,0.689494068
3043,714,0,1273,1781,2016,53637530255,0.666294955,0.934504792,0.023961661,0.000798722,0.007188498,0.002396166,0,0.000798722,195.0235211,208.6969785,223.5061518,239.3832197,256.4679198,0.005011786,0.007263582,0.007798056,0.581058327,0.585591442,0.608963393
3044,6,0,15,1976,2002,49341000,,0.9375,0,0,0,0,0,0,252.1519436,265.7167211,283.7163482,302.5853102,320.9075506,0.004224159,0.006298004,0.006273533,0.723279366,0.721205522,0.713008023
3045,8,0,13,1781,2000,6478365000,0.440403083,0.65,0.25,0,0,0,0,0,95.1988825,102.6840193,110.5158602,118.9770089,129.6596602,0.006416466,0.006993072,0.006435654,0.399812455,0.400079111,0.399447403
3046,48,0,66,1916,2015,1408240805,,0.875,0.069444444,0,0,0.013888889,0,0,413.882034,457.2867128,507.8386806,561.7655122,622.2721473,0.009078784,0.018726566,0.023355431,0.681509981,0.80969084,0.826044955
3047,0,0,1,1966,1966,29820000,,1,0,0,0,0,0,0,177.1438464,194.0604629,210.9628425,229.4222144,250.5423137,0.008569569,0.010922468,0.012821508,0.702483682,0.727863938,0.753238222
3048,9,0,21,1910,2002,2557026000,0.804268499,0.875,0,0,0.125,0,0,0,137.5692441,149.5004961,163.8468582,174.5393181,188.4434726,0.000520825,0.000520825,0.000524384,0.50525037,0.425225978,0.374978793
3049,706,0,1258,1800,2016,47141405255,,0.93902439,0.020325203,0.000813008,0.007317073,0.002439024,0,0.000813008,203.0919899,217.2961345,232.6817542,249.1932309,266.8326318,0.004944788,0.007333055,0.007949056,0.596448587,0.601151538,0.626142219
3050,0,0,0,,,0,,,,,,,,,122.0012965,133.4780674,139.3405115,142.5410306,146.8859871,0.002043691,0.002043691,0.001988456,0.084523185,0.084523185,0.084813168
3051,14,0,25,1967,2009,309922445,,1,0,0,0,0,0,0,183.7279622,200.3296583,217.0454451,262.3784832,300.4417473,0.002963154,0.002963154,0.003389912,0.784148737,0.818168642,0.8211479
3052,5,0,6,1980,2001,10946000,,0.75,0,0,0,0.125,0,0,140.8230471,143.2447499,150.9481725,173.7609637,187.3062647,0.001418766,0.001418766,0.00146483,0.644470035,0.644470035,0.644681929
3053,8,0,12,1800,2011,329648000,,0.923076923,0,0,0,0,0,0,230.4494254,244.3080415,257.6692559,281.4397587,300.4918853,0.004808941,0.004808941,0.004834285,0.72549119,0.720416141,0.739461829
3054,22,0,51,1903,2013,4985954000,,0.923076923,0,0,0.076923077,0,0,0,174.4286289,186.2810129,198.5353586,211.1174403,225.4461943,0.001819475,0.001990287,0.002149748,0.454660689,0.418396051,0.402429967
3055,350,0,685,1904,2016,18451821187,3.299824431,0.941448382,0.024653313,0,0.003081664,0.003081664,0,0,263.4801236,285.4695457,309.4949362,335.7767207,364.2452316,0.005060637,0.007487469,0.008407433,0.780369805,0.794331439,0.823671861
3056,13,0,19,1970,2013,178508000,0.545321669,0.95,0,0,0,0,0,0,196.1693127,212.9765589,228.2852367,244.7155115,262.4183615,0.003352766,0.003352766,0.003384697,0.826518324,0.824584211,0.836558375
3057,12,0,18,1966,2013,9388576000,,0.75,0.166666667,0,0.041666667,0,0,0,107.5497882,116.622201,126.779213,137.1785581,147.8130835,0.003863155,0.004556884,0.004883148,0.425600864,0.44183627,0.46327235
3058,30,0,49,1965,2003,1557837000,,0.905660377,0.018867925,0,0.018867925,0.018867925,0,0,195.578142,206.3703089,219.6086237,235.4365587,249.7390108,0.00530263,0.006033246,0.006095147,0.592845722,0.597660112,0.598092553
3059,120,0,187,1800,2013,4082401700,,0.956756757,0.005405405,0,0,0,0,0,192.401849,206.8546665,223.5287269,238.31319,255.016677,0.003164579,0.004098185,0.004096933,0.737781682,0.740698468,0.763792056
3060,10,0,23,1891,2012,829773000,,1,0,0,0,0,0,0,309.2432446,323.1776513,337.7378156,353.6836498,369.9420258,0.004244054,0.00757022,0.007563123,0.752147458,0.764136794,0.802002087
3061,3,0,3,1983,2006,76155000,,1,0,0,0,0,0,0,75.04492842,78.90312374,85.19754272,83.7886261,82.4202728,0.001988514,0.003392989,0.003379083,0.829265919,0.823592396,0.853350576
3062,0,0,1,1980,1980,139200000,,1,0,0,0,0,0,0,114.7089342,121.059897,129.6727125,137.6877249,155.4571974,0,0,0,0.799122291,0.792405304,0.705655772
3063,231,0,418,1904,2015,9836923317,,0.942408377,0.031413613,0,0,0.002617801,0,0,266.5878001,292.4165524,321.0806167,353.0726682,387.8282696,0.003982277,0.006755601,0.007681828,0.818902408,0.844067769,0.86735906
3064,30,0,33,1870,2009,572800000,0.651846296,1,0,0,0,0,0,0,259.4818054,277.4069605,304.2184633,304.6986659,317.1076508,0.011692937,0.013148833,0.013100884,0.67002162,0.662310603,0.683643401
3065,15,0,16,1965,2008,326179350,,0.9375,0.0625,0,0,0,0,0,860.0482276,963.3323901,992.0457944,1095.333553,1232.205845,0.026998597,0.056177206,0.057213855,0.240228063,0.685148485,0.734145375
3066,50,0,125,1908,2016,2798562570,,0.957627119,0.025423729,0,0,0,0,0,264.5185009,285.1035833,309.6524865,331.8637871,358.8462715,0.007038783,0.009390991,0.011372126,0.85378358,0.855233082,0.873817485
3067,42,0,60,1916,2015,1390363805,,0.863636364,0.075757576,0,0,0.015151515,0,0,507.9210408,563.4702167,626.4400545,693.3421839,765.7992529,0.012943912,0.026825103,0.034034941,0.541008206,0.740184482,0.766894678
3068,7,0,9,1981,2004,9280365000,4.406366982,0.6,0.266666667,0,0.066666667,0,0,0,129.3517451,141.5059892,151.6409927,163.8179565,178.1185497,0.004787459,0.006693704,0.00719894,0.45119823,0.487698169,0.482367239
3069,24,0,31,1926,2010,668451180,1.378559773,0.882352941,0.088235294,0,0,0,0,0,234.6201519,249.3272238,265.9022575,284.0077196,297.3760676,0.001831291,0.003683835,0.003864484,0.657171346,0.711894005,0.713493285
3070,85,0,119,1800,2016,2239020478,,0.941666667,0,0,0.008333333,0,0,0.008333333,199.2783016,210.5789844,223.943314,231.4347196,241.4363773,0.006261967,0.008176171,0.008245001,0.768708207,0.753899325,0.79218967
3071,15,0,25,1966,2013,9473439000,0.20312634,0.806451613,0.129032258,0,0.032258065,0,0,0,83.96544955,90.95862081,98.8287318,106.5153199,114.7572736,0.002456347,0.002884263,0.003084231,0.333191465,0.343722261,0.357951824
3072,88,0,147,1903,2013,8873871100,0.792831159,0.922077922,0.012987013,0.006493506,0.032467532,0.006493506,0,0,241.1447479,255.7261003,270.0561482,290.1192281,309.2551382,0.008550251,0.009023489,0.00918105,0.537717084,0.519995787,0.517768259
3073,702,0,1246,1800,2016,46647080665,0.735450851,0.939294504,0.020508614,0.000820345,0.007383101,0.002461034,0,0.000820345,210.0474983,224.8625571,240.8843648,258.1330272,276.5416346,0.005068248,0.007435712,0.008057186,0.620170218,0.624909289,0.649274569
3074,106,0,163,1800,2013,3930170200,0.972673191,0.950310559,0.00621118,0,0,0,0,0,199.0794392,214.5412231,232.3515214,248.5096569,266.4827532,0.003254807,0.003254807,0.003256837,0.761827339,0.759579006,0.785137056
3075,714,0,1276,1781,2016,53752544621,0.66786198,0.93460925,0.023923445,0.000797448,0.007177033,0.002392344,0,0.000797448,193.9670972,207.5590745,222.2733758,238.0538365,255.0363527,0.004978548,0.007215293,0.007746162,0.577688124,0.582256949,0.60570202
3076,1,0,2,1977,1985,3686000000,1.433980886,0.5,0.25,0,0,0,0,0,127.5983954,144.5303387,159.2493789,173.8998812,185.9598119,0.026426917,0.026426917,0.019096513,0.644641398,0.644641398,0.621679608
3077,8,0,9,1926,2010,607654000,,0.727272727,0.181818182,0,0,0,0,0,259.8724438,275.1424096,274.9068061,290.6599487,297.4770002,0.000771719,0.001800678,0.001882775,0.631879108,0.680864106,0.67985704
3078,1,0,3,1981,1997,19057000,,1,0,0,0,0,0,0,161.2975227,175.1372798,190.2773569,189.6319219,205.5420778,0.004224942,0.009490509,0.009490509,0.817661505,0.832917083,0.841179654
3079,80,0,135,1935,2015,3269361590,5.14144087,0.964285714,0.017857143,0,0,0,0,0,219.664336,245.0104949,267.6658068,301.6897832,333.9417095,0.002342792,0.003429489,0.003721619,0.876956455,0.878250264,0.902567994
3080,714,0,1277,1781,2016,53764904621,,0.934661355,0.023904382,0.000796813,0.007171315,0.002390438,0,0.000796813,194.6773284,208.2241782,222.8778873,238.6464377,255.5841767,0.005055587,0.007279715,0.007807298,0.576918257,0.581452572,0.605221969
3081,10,0,22,1917,2009,1391141000,0.482186524,0.952380952,0,0,0.047619048,0,0,0,206.9526533,217.3959038,227.4023752,243.1754937,258.9495648,0.002754117,0.002754117,0.003272713,0.41469739,0.415369713,0.424535903
3082,5,0,5,1912,1975,312903000,0.451075572,1,0,0,0,0,0,0,138.3364618,142.9980835,143.3040745,151.0987308,158.8734647,0.001706844,0.001706844,0.00169104,0.456375379,0.456375379,0.470035401
3083,0,0,5,1979,1994,28429000,0.036149481,0.833333333,0,0,0.166666667,0,0,0,172.3157843,182.7555037,197.0752672,207.3182461,219.511872,0.001459211,0.002093651,0.002434663,0.527691313,0.552275854,0.488486901
3084,7,0,7,1963,2000,257144000,,1,0,0,0,0,0,0,210.4261524,233.284609,258.8341138,278.4485008,300.3357851,0.002452314,0.002452314,0.002433875,0.863458684,0.863458684,0.882786787
3085,44,0,96,1965,2016,748180607,1.823546105,0.988372093,0,0,0,0,0,0,238.5077358,257.4595045,282.5976842,302.8269498,328.2617656,0.003501497,0.005666448,0.005684943,0.957590713,0.957360006,0.957452484
3086,97,0,163,1903,2013,9793855100,,0.923529412,0.017647059,0.005882353,0.029411765,0.005882353,0,0,226.9738511,240.0504988,253.0543923,270.8117639,287.8957215,0.007412219,0.007803546,0.007934064,0.514712992,0.500050783,0.50362557
3087,214,0,319,1800,2016,6734267178,0.722860188,0.946708464,0.006269592,0,0.003134796,0,0,0.003134796,199.1780533,211.6454381,225.9280223,237.1408278,250.5186315,0.004763424,0.009875732,0.010518041,0.732161439,0.72658974,0.756848573
3088,4,0,5,1974,2009,325192000,,1,0,0,0,0,0,0,181.9213408,195.8910503,203.0054814,202.0076948,218.5467748,6.75E-05,6.75E-05,0.000112534,0.365938196,0.365938196,0.381828003
3089,4,0,11,1907,2009,377527000,0.538943452,1,0,0,0,0,0,0,198.9622126,207.5732564,218.0448843,223.7619709,233.3303206,0.002635809,0.002635809,0.002658289,0.413479155,0.413479155,0.426045612
3090,93,0,209,1905,2016,4372064570,,0.942583732,0.014354067,0,0.009569378,0.004784689,0,0,254.7878014,274.3009674,296.4503791,317.8720995,342.4580886,0.00574826,0.007624198,0.009121732,0.831066137,0.829947663,0.852200633
3091,0,0,3,1940,1974,31012420,,0.666666667,0,0,0,0,0,0,212.7675902,222.5911925,239.0425261,242.0382918,252.1835551,0.006711937,0.02307115,0.023046941,0.389473939,0.378864357,0.370893553
3092,3,0,4,1781,1988,1221315000,0.236110748,0.666666667,0.166666667,0,0,0,0,0,146.6329625,158.3784311,170.5154742,183.6810306,202.1844582,0.00909164,0.011391037,0.011181109,0.481346834,0.469885168,0.478637392
3093,0,0,2,1951,1952,23060000,,1,0,0,0,0,0,0,137.2077163,150.419779,169.5400155,182.221982,191.5399703,0.000527669,0.000527669,0.000585233,0.429570573,0.20483153,0.228682171
3094,30,0,49,1965,2003,1557837000,0.753039849,0.905660377,0.018867925,0,0.018867925,0.018867925,0,0,194.3085588,204.9863065,217.7019655,233.6653702,248.0272144,0.004445725,0.005193521,0.005247063,0.587321205,0.592248804,0.590849587
3095,3,0,2,1965,1977,140464000,,1,0,0,0,0,0,0,191.1153744,205.6931,200.3886981,219.5234526,232.2351188,0.001632106,0.001632106,0.001548409,0.457471072,0.457471072,0.470611621
3096,49,0,108,1965,2016,1873114251,,0.97,0.01,0,0,0,0,0,253.2669554,272.6607782,295.2258962,315.8347227,340.6726113,0.003309098,0.006358599,0.006375169,0.924936497,0.924317882,0.933542484
3097,0,0,0,,,0,,,,,,,,,96.11285736,107.2857931,121.3789096,125.7381668,132.8676728,0.004395403,0.004395403,0.004074905,0.415937915,0.415090884,0.416281306
3098,10,0,28,1891,2012,1008739000,0.844982122,1,0,0,0,0,0,0,341.463748,356.1586735,371.7987185,388.3655707,405.4660607,0.00767339,0.011851915,0.014005754,0.741762822,0.754490194,0.788383963
3099,1,0,2,1982,2013,72901000,0.102420707,1,0,0,0,0,0,0,80.53447762,82.63524218,85.98716689,98.20093994,109.0418408,0.000905479,0.000905479,0.000939265,0.396998405,0.410952239,0.43333919
3100,338,0,663,1904,2016,17533712987,,0.940894569,0.025559105,0,0.003194888,0.003194888,0,0,268.9202861,292.3638982,318.1686802,346.2248297,376.8935596,0.004829383,0.007269827,0.008302449,0.816899123,0.830385751,0.857778318
3101,3,0,6,1781,1988,1223695000,,0.75,0.125,0,0,0,0,0,121.3720633,131.0582321,140.822399,152.9325542,168.3613014,0.007365346,0.008737495,0.008597002,0.461030165,0.455918561,0.465099779
3102,3,0,5,1781,1988,1222235000,,0.714285714,0.142857143,0,0,0,0,0,130.0217292,140.5714048,151.4504036,164.6481206,181.6666899,0.008208406,0.009844782,0.009684216,0.472471332,0.466375414,0.474900763
3103,327,0,504,1800,2016,17697042278,0.556655578,0.941060904,0.009823183,0.001964637,0.011787819,0.001964637,0,0.001964637,195.842131,207.4631563,219.6771147,232.7697566,246.3487972,0.005378823,0.007827174,0.00816058,0.581338874,0.574505523,0.594982954
3104,0,0,0,,,0,,,,,,,,,74.29102258,81.73997695,81.57917198,88.57526524,99.4483388,0,0,0.002512672,0.142407833,0.145553004,0.179811983
3105,2,0,2,,,2171000,0.001371913,1,0,0,0,0,0,0,97.73632486,105.9889097,111.8772299,123.2613705,128.5600044,0.005255259,0.005255259,0.005308666,0.579322905,0.579322905,0.583259008
3106,2,0,3,1986,1996,4601440000,,0.6,0.4,0,0,0,0,0,86.25481408,96.22080501,107.6364851,114.0125138,123.7918467,0.000985662,0.000985662,0.001010511,0.354697634,0.442595522,0.409952705
3107,0,0,0,,,0,0,,,,,,,,70.91585879,74.21789777,79.22798474,83.86827204,89.25656151,0,0,0,0.214817125,0.214612986,0.226657216
3108,1,0,3,1921,1968,28829000,,1,0,0,0,0,0,0,199.847457,205.6679213,217.7882949,232.3910142,249.6703353,0.003719385,0.003719385,0.003707689,0.464057639,0.464057639,0.479391331
3109,235,0,430,1904,2015,9860869317,2.925638825,0.943877551,0.030612245,0,0,0.00255102,0,0,273.3085047,299.680414,328.3596577,361.5125462,396.915465,0.004209293,0.006930528,0.00782547,0.818892284,0.843079175,0.866995108
3110,21,0,43,1935,2010,544667000,2.042556347,0.961538462,0,0,0,0,0,0,261.430445,295.0610494,323.0016184,372.8686188,414.7035886,0.004025458,0.005908046,0.006610451,0.893043695,0.898591625,0.909812276
4001,160,135826.1417,197,1872,2014,12256527934,,0.882352941,0.083333333,0,0,0,0,0,352.3418526,372.3239281,392.4889297,413.1168772,434.3203289,0.003240629,0.008330487,0.009296949,0.728600321,0.731607484,0.727249447
4002,0,0,0,,,0,,,,,,,,,211.0761726,217.8484483,224.3260197,235.0009753,242.5135258,0.001962923,0.002252279,0.003319765,0.763510739,0.765622251,0.766572431
4003,65,0,82,1872,2013,4665616125,0.573835699,0.879518072,0.108433735,0,0,0,0,0,340.1574695,354.125735,368.6783675,384.2586437,400.213022,0.003128296,0.008381805,0.00855475,0.661840023,0.675301588,0.674185891
4004,57,2793939.716,62,1888,2014,8972450545,1.725281159,0.8,0.04,0.013333333,0.026666667,0,0.026666667,0,215.4453138,227.1872522,239.6495939,252.7493895,266.848534,0.002043098,0.003474084,0.007481203,0.706967998,0.701064938,0.71036449
4005,2,0,2,1928,1985,4459000,0.010850257,1,0,0,0,0,0,0,260.8680581,274.636387,295.5524333,311.9290019,332.496217,0.000760758,0.001576987,0.002032649,0.800206039,0.83986449,0.814810999
4006,15,2034.26,14,1965,2004,1586538714,1.656625344,0.608695652,0.043478261,0.043478261,0.043478261,0.043478261,0.043478261,0.043478261,285.1414279,301.7351856,315.9353832,336.2679743,356.6599053,0.002884601,0.005100916,0.00802741,0.867332293,0.837125772,0.853157651
4007,2,621,11,1898,1963,502355200,0.528994072,0.833333333,0,0,0,0,0,0,742.3164312,806.6607324,880.6155403,974.2904108,1083.626206,0.049589384,0.05112671,0.105376667,0.654208431,0.616235582,0.59737771
4008,66,54433.652,72,1880,2013,6284134547,,0.777777778,0.148148148,0,0,0,0,0,544.3390897,619.1246795,704.4064724,803.0323312,915.708548,0.00993639,0.029179029,0.030760426,0.639266998,0.659150137,0.65436451
4009,252,148416.529,354,1871,2014,14178317060,,0.922651934,0.041436464,0,0,0,0,0,285.3605272,313.5855014,344.3166428,380.4263434,420.4513531,0.004004143,0.009920997,0.011212881,0.771675972,0.792153279,0.790891496
4010,454,28475.72,608,1871,2014,30315174491,,0.900630915,0.05362776,0.001577287,0.003154574,0.001577287,0.001577287,0.001577287,279.1414788,301.3284844,325.4744487,352.191825,381.5242605,0.003451121,0.008077928,0.009240657,0.792520399,0.799305237,0.79840755
4011,0,0,1,1979,1979,148660000,,1,0,0,0,0,0,0,177.1097458,188.6272101,199.0103099,216.429024,229.4325506,0.002767533,0.002767533,0.003642762,0.662318692,0.657598493,0.699615503
4012,0,0,4,,,10436000,0.053082887,1,0,0,0,0,0,0,161.8819115,172.2324232,184.4305031,189.5152265,197.9220289,0.000739672,0.000739672,0.001028844,0.684272686,0.657197039,0.68377044
4013,15,0,17,1908,2005,2495028616,0.167020724,0.761904762,0.095238095,0,0,0,0,0,249.5260965,257.738111,264.4928749,275.9953539,286.7790513,0.002758592,0.006466063,0.01036182,0.531132194,0.529496545,0.524915373
4014,0,0,0,,,0,,,,,,,,,112.2887615,109.6416238,113.6402663,110.2266295,108.9461908,0.001386197,0.002291469,0.004017144,0.076467177,0.052774517,0.052845241
4015,3,0,3,1965,1994,2309344352,1.226048456,0.4,0.2,0,0,0,0,0,194.1705402,189.4921272,185.8391691,186.9840767,191.785129,0.004667845,0.008018083,0.008727342,0.22553562,0.21638157,0.215147575
4016,7,0,7,1928,2005,2417244116,,0.545454545,0.181818182,0,0,0,0,0,208.4869728,210.1681018,212.1729771,217.0366736,222.3321695,0.004137716,0.008706777,0.012242741,0.315419649,0.299759432,0.298401494
4017,183,0,219,1872,2014,15195833498,1.102741508,0.855932203,0.080508475,0.004237288,0.004237288,0.004237288,0.004237288,0.004237288,305.1345185,323.1638324,341.6025992,360.7729295,381.0723768,0.002880186,0.006745488,0.007946389,0.776739285,0.772485753,0.772938353
4018,1,0,8,1966,1989,75781100,0.403206027,1,0,0,0,0,0,0,172.4354973,206.30535,248.4555345,291.5194234,350.572138,0.004679618,0.004921047,0.006564821,0.797646322,0.789494231,0.788122708
4019,455,1516,611,1871,2014,30653582241,1.241956153,0.899529042,0.054945055,0.001569859,0.003139717,0.001569859,0.001569859,0.001569859,278.0948582,300.1613428,324.11937,350.7075464,379.8929532,0.003485998,0.008037444,0.009181506,0.787641269,0.795497911,0.795315883
4020,0,0,0,,,0,,,,,,,,,73.95809118,78.14801574,91.24401656,86.42889935,78.08204434,0,0.004105002,0.003960966,0.206222318,0.187065644,0.188650031
4021,22,0,27,1964,2011,4421214242,1.033288282,0.709677419,0.258064516,0,0,0,0,0,293.9143203,305.064271,313.5753692,321.7139589,331.1347922,0.002353087,0.007142844,0.007393598,0.528930245,0.575365092,0.574205811
4022,1,1.67,8,1902,1968,206477200,0.118166201,1,0,0,0,0,0,0,271.6094706,282.8650805,293.2218621,306.2394324,318.5554297,0.004062229,0.007828401,0.00871562,0.741106699,0.743206608,0.737183009
4023,4,0,4,1940,1940,54201000,0.531662127,1,0,0,0,0,0,0,208.3540714,213.1708224,218.0346893,216.6597389,216.58728,0.001075615,0.001367071,0.003296238,0.45838297,0.453879267,0.493431812
4024,8,0,9,1952,2010,39112000,0.74511178,1,0,0,0,0,0,0,129.2338149,136.2949186,148.2929523,154.6345725,156.0301427,0,0,0,0.913685915,0.903360079,0.904450884
4025,3,0,5,1908,1984,65375000,0.158545872,1,0,0,0,0,0,0,192.6286175,201.063821,214.9734755,219.388076,228.0227942,0.000447287,0.001774721,0.004535398,0.620050981,0.627284533,0.630963832
4026,86,0,108,1872,2014,6256720125,0.573529483,0.867256637,0.10619469,0,0,0,0,0,410.2878181,426.7490616,445.7304649,463.7856114,484.7883542,0.005677921,0.012805413,0.012955547,0.650545143,0.659837933,0.65878311
4027,2,0,2,1965,1994,2299660000,,0.25,0.25,0,0,0,0,0,113.4530745,107.4829324,96.30483104,96.72904081,94.86168113,0.000816131,0.003514162,0.003677388,0.050931349,0.04600096,0.049726356
4028,1,0,3,1930,1968,78140000,0.179472921,1,0,0,0,0,0,0,279.3878978,279.8550686,291.9706894,299.1520842,307.6874827,0.001995818,0.004751948,0.004710369,0.793771384,0.798398593,0.800839907
4029,0,0,0,,,0,,,,,,,,,116.6923097,121.5123562,129.1836396,125.2759239,124.2690975,0.001478964,0.004235804,0.014011235,0.251170846,0.225438175,0.225334389
4030,14,0,27,1966,2002,869712933,0.750239343,0.964285714,0,0,0.035714286,0,0,0,179.571946,196.5086259,225.6470503,247.1012871,276.1536452,0.002841754,0.004755685,0.005169637,0.858515389,0.862688211,0.859722748
4031,57,0,59,1888,2005,8822265545,1.470753419,0.805555556,0.041666667,0.013888889,0.027777778,0,0.027777778,0,215.038502,226.5683177,238.7707032,251.6579546,265.5431096,0.002028322,0.003431398,0.007525534,0.708381147,0.700206551,0.707348855
4032,1,0,1,1964,1964,23040000,0.006038014,1,0,0,0,0,0,0,240.6397056,252.8068127,264.8756066,276.9945669,289.6404924,0.002941053,0.005078957,0.019264087,0.787890435,0.782874583,0.777455244
4033,24,0,25,1880,2007,2766069850,,0.709677419,0.129032258,0,0,0,0,0,1580.426259,1798.744794,2053.97174,2343.288139,2678.939253,0.03710736,0.108413636,0.111395248,0.428722992,0.414136869,0.411875965
4034,37,0,45,1962,2014,1894353841,1.383196274,0.906976744,0.046511628,0,0,0,0,0,344.1019368,370.5448034,395.8781746,420.2645901,445.6402177,0.001649203,0.008910664,0.009661497,0.746550039,0.741440285,0.760538321
4035,0,0,0,,,0,,,,,,,,,351.256452,365.3097582,385.3086392,404.1778937,425.0191628,0.003288544,0.005728911,0.009404342,0.862997188,0.862759103,0.859143193
4036,521,10503.78,706,1871,2014,57616853803,,0.891420912,0.053619303,0.002680965,0.00536193,0.001340483,0.004021448,0.001340483,249.4615709,267.5006594,287.0014929,308.4741123,331.9392561,0.003014907,0.006253652,0.0081997,0.746402284,0.748753131,0.752360753
4037,26,0,31,1872,2006,102428000,,1,0,0,0,0,0,0,230.5111934,240.4124849,253.2394902,260.7955952,268.9398063,0.000628519,0.002183449,0.002186723,0.793655886,0.774718476,0.774181616
4038,112,0,139,1879,2013,11199665517,3.497089699,0.841059603,0.099337748,0,0,0,0,0,380.656425,428.6459149,482.7619054,544.9268723,615.9620369,0.005588447,0.016000885,0.017727217,0.67100581,0.700616832,0.69691053
4039,0,0,0,,,0,0,,,,,,,,370.1354361,405.749231,418.4266333,445.3578648,463.2955135,0.004838507,0.007755132,0.015387934,0.967701435,0.904781527,0.941355233
4040,30,0,32,1888,2005,7454875545,1.451182104,0.756097561,0.073170732,0.024390244,0.024390244,0,0.024390244,0,229.9821294,242.0452993,254.3685395,268.8155319,283.855995,0.002420513,0.004714503,0.010113437,0.666224638,0.662541903,0.659604452
4041,0,0,2,1928,1928,76418000,0.234960512,1,0,0,0,0,0,0,241.8054701,250.8427986,262.2260912,269.4184609,279.6554171,0.00325132,0.004778516,0.005112088,0.875802783,0.856226539,0.86390271
4042,41,0,42,1880,2008,4109239850,,0.692307692,0.192307692,0,0,0,0,0,846.2249905,967.2562263,1107.109326,1264.241226,1444.686215,0.017963172,0.052698154,0.054399642,0.561555007,0.572005405,0.567323115
4043,455,0,611,1871,2014,30653582241,,0.899529042,0.054945055,0.001569859,0.003139717,0.001569859,0.001569859,0.001569859,277.9029716,299.9683396,323.8866985,350.5206744,379.7168382,0.003482892,0.008037448,0.009184437,0.788115953,0.795487997,0.795333662
4044,10,0,9,1916,2008,1274395000,0.860206637,0.5,0.5,0,0,0,0,0,322.8012383,379.7072508,433.3411998,492.7398751,566.2929371,0.005623515,0.015673072,0.016152061,0.583196699,0.579613493,0.5725438
4045,0,0,4,1902,1930,126484200,,1,0,0,0,0,0,0,274.1511054,288.9059138,298.5785959,313.010413,327.2847334,0.004875033,0.00948037,0.010861971,0.700017507,0.697653329,0.698489229
4046,525,1983,738,1871,2014,59928633239,,0.893453145,0.051347882,0.002567394,0.005134788,0.001283697,0.003851091,0.001283697,273.8089628,293.2534587,314.2958591,337.9853952,364.2245025,0.005267542,0.008490681,0.012664237,0.73984095,0.739766595,0.741938027
4047,13,0,14,1923,2004,177028000,0.045155226,0.8125,0.125,0,0,0,0,0,359.2183665,396.2163,418.2040439,448.9902454,470.7665619,0,0.002809681,0.002809681,0.685030453,0.703911508,0.688626844
4048,11,0,13,1971,2012,124752034,0.039568551,0.928571429,0.071428571,0,0,0,0,0,311.1137295,335.6649256,338.711359,371.2638074,384.7527367,0.001070632,0.002480134,0.002499779,0.626427919,0.626413185,0.623952696
4049,32,0,41,1927,2013,1511154970,1.33087666,0.88372093,0.069767442,0,0,0,0,0,220.2513261,238.4983186,261.2999607,289.531261,317.7525044,0.001340255,0.002622427,0.00445348,0.6675108,0.699951356,0.696948488
4050,2,0,2,1979,2005,96969763.78,0.004437829,0.5,0.25,0,0,0,0,0,159.7418301,167.0043304,176.8173117,180.6377575,183.8570039,0.003802705,0.008463621,0.017081649,0.232492836,0.210297825,0.209234935
4051,7,0,8,1973,1995,41328000,1.929100515,1,0,0,0,0,0,0,114.6556894,125.8798896,131.292425,136.7294591,147.3497686,0,0,0,0.874170466,0.881082572,0.879313982
4052,518,0,692,1871,2014,45935221483,,0.890560876,0.053351573,0.002735978,0.005471956,0.001367989,0.004103967,0.001367989,254.3900669,272.8446328,292.721147,314.6580695,338.5676041,0.003071451,0.006429292,0.008441196,0.752538164,0.755324072,0.758828858
4053,0,0,1,,,14420000,,1,0,0,0,0,0,0,197.4459126,211.1419862,235.2563649,253.144488,275.088099,0.002943094,0.002943094,0.003157462,0.902953813,0.902927017,0.903043133
4054,167,0,202,1879,2013,11889960397,3.638496868,0.88372093,0.069767442,0,0,0,0,0,313.8084177,348.8542972,388.6040314,433.9659606,484.7591446,0.004060068,0.011364119,0.012767337,0.717466643,0.74065013,0.737911259
4055,0,0,0,,,0,0,,,,,,,,148.6621206,161.0293644,182.9548257,176.6906741,184.6048021,0.000444773,0.000909948,0.001089489,0.910294652,0.917149864,0.932786277
4056,21,0,25,1883,2014,1590533000,0.330523344,0.827586207,0.103448276,0,0,0,0,0,690.5473071,708.1626167,749.8769394,767.2994273,810.0789203,0.016807605,0.030193085,0.030237529,0.535334354,0.5287204,0.527847697
4057,25,0,24,1892,1987,1346770000,1.616815398,0.857142857,0,0,0.035714286,0,0.035714286,0,196.4253695,205.0551954,214.6467519,223.5703051,233.8097986,0.000996752,0.001424052,0.00456915,0.708782245,0.694963527,0.714454761
4058,27,0,29,1888,2005,6569784055,,0.736842105,0.078947368,0.026315789,0.026315789,0,0.026315789,0,223.6553779,233.9626882,244.7294014,256.3076274,268.1652417,0.002382284,0.004860217,0.009672096,0.664441053,0.660923678,0.6577313
4059,0,0,1,1906,1906,13460000,,1,0,0,0,0,0,0,393.1656157,406.6929767,414.0794248,445.3458603,464.1878903,0.011980915,0.014524602,0.025587381,0.769277081,0.736133897,0.734086907
4060,525,0,738,1871,2014,59928633239,,0.893453145,0.051347882,0.002567394,0.005134788,0.001283697,0.003851091,0.001283697,274.1386279,293.6001697,314.6700506,338.3684912,364.6058013,0.005279418,0.00850247,0.012676183,0.739827148,0.739753027,0.74192413
4061,58,0,109,1871,2014,834025850,1.671938447,1,0,0,0,0,0,0,257.7837764,272.9850826,287.7510466,304.7747671,323.7751525,0.004351935,0.009073846,0.010224791,0.856362357,0.876596188,0.87823688
4062,524,0,726,1871,2014,59551514003,3.381367745,0.89178618,0.052151239,0.002607562,0.005215124,0.001303781,0.003911343,0.001303781,271.5236406,291.5140063,313.2876968,337.7875684,364.8574234,0.005292528,0.008426616,0.012821111,0.738485555,0.738497726,0.741235577
4063,5,0,9,1964,2010,3099912747,1.070068782,0.625,0.25,0,0,0,0,0,180.3576326,182.2080554,185.9969196,184.380698,192.6498368,0.000387561,0.002154838,0.002501059,0.354147935,0.372301285,0.370828553
4064,271,0,389,1871,2014,15119340993,2.69830295,0.927135678,0.037688442,0,0.002512563,0,0,0,262.7461874,288.3209186,316.9753733,350.041416,386.9086967,0.003907739,0.009207526,0.010322073,0.802554815,0.818212926,0.816609627
5001,4,7744.16,4,1970,2001,1199668000,1.147073213,0.363636364,0.090909091,0.090909091,0.090909091,0.090909091,0.090909091,0,274.2803429,278.202863,282.6413851,287.0314303,292.347155,0.003006252,0.004762952,0.00942563,0.261692371,0.150592187,0.227919766
5002,54,40938.844,58,1000,2009,6631262815,0.99061602,0.746478873,0.112676056,0.014084507,0.028169014,0.014084507,0.014084507,0,375.5772642,407.2534783,439.9581449,477.9565408,521.8844231,0.00539774,0.010592212,0.016786305,0.244642263,0.22748445,0.169364741
5003,2,0,2,1982,1985,245787000,0.027525342,0.666666667,0.333333333,0,0,0,0,0,230.4917759,230.9722107,245.2376623,239.9902349,242.8864767,0.002757619,0.004982756,0.008244645,0.308588819,0.050437622,0.07804202
5004,0,0,2,1991,1992,24040000,0.191987536,1,0,0,0,0,0,0,810.3114797,873.2418963,945.2532528,1038.369664,1132.426413,0.035758221,0.06370243,0.117275689,0.248655899,0.459688351,0.344032987
5005,2,633,2,1977,1985,17947002.38,0.406032363,0.666666667,0,0,0.333333333,0,0,0,191.8983778,213.3843643,242.2283971,255.1637242,289.5898711,0.000181633,0.000419634,0.001390429,0.408310003,0.297971352,0.327289353
5006,6,0,9,1965,2005,1589505100,,0.545454545,0.454545455,0,0,0,0,0,270.1055453,280.1877323,290.8685533,298.18564,312.4361733,0.001341232,0.002360916,0.00291421,0.151104416,0.063602787,0.102976492
5007,2,0,2,1973,1983,223740000,0.321477372,1,0,0,0,0,0,0,202.7091887,209.7211679,217.2014495,234.6867399,245.9708034,0.001363803,0.003256843,0.006167646,0.207657652,0.203084501,0.012396358
5008,76,13987.292,89,1000,2009,11251063920,1.493850887,0.571428571,0.232142857,0.026785714,0.044642857,0.017857143,0.035714286,0.008928571,360.7167804,388.5778718,418.2754153,450.7387971,489.1455298,0.005442992,0.010453708,0.017022394,0.239468271,0.227986797,0.197508718
5009,9,0,10,1896,2004,323463000,,0.8,0,0,0,0,0,0,995.616954,1204.500262,1416.133934,1673.16634,1978.936285,0.022744678,0.037300039,0.058942217,0.460541197,0.315452297,0.287268623
5010,2,0,2,1982,1985,245787000,0.09335188,0.666666667,0.333333333,0,0,0,0,0,213.6553886,203.9038806,211.5223729,203.1363523,206.8455109,0.003805335,0.006790359,0.012036937,0.167867702,0.034589816,0.063739369
5011,0,0,0,,,0,,,,,,,,,487.7750978,521.91645,549.5759982,581.0417361,618.4849171,0.013405955,0.014648287,0.019547426,0.39855693,0.395679212,0.614294538
5012,83,5096.62,101,1000,2009,11526717920,1.563889031,0.598425197,0.212598425,0.023622047,0.05511811,0.015748031,0.031496063,0.007874016,388.945671,419.720271,452.1282117,489.3663725,531.6237341,0.008504653,0.014237274,0.023265975,0.273724606,0.277584648,0.259823964
5013,2,0,5,1991,2005,913040000,0.377788741,0.333333333,0.666666667,0,0,0,0,0,449.3238246,460.6654542,472.7712918,474.000592,489.2110558,0.003371229,0.005294198,0.00621143,0.08192329,0.065147602,0.09497373
5014,7,0,10,1958,2007,251614000,0.806214168,0.769230769,0.076923077,0,0.153846154,0,0,0,263.2289426,286.7432557,311.8803834,344.0243517,384.7559329,0.008484341,0.010538553,0.014757861,0.329786188,0.370354875,0.429722401
5015,8,0,14,1961,1984,896284058,0.670040855,0,0.846153846,0,0,0.076923077,0,0,188.0249903,195.67851,202.0696039,209.0503246,212.8983768,0.000444855,0.000484692,0.000464773,0.038908181,0.086826327,0.065592819
5016,0,0,0,,,0,,,,,,,,,882.6400294,806.5017323,812.234036,802.7980716,824.1431573,0.016043033,0.018166376,0.077006559,0.096588496,0,0.026046336
5017,0,0,0,,,0,0,,,,,,,,173.3744174,167.6856033,179.4021079,182.8436168,178.1559856,0.003677479,0.004903305,0.006193648,0.235874772,0.263665543,0.226471395
5018,16,0,24,1930,1990,1873860103,3.140610091,0.137931034,0.586206897,0.034482759,0.034482759,0.034482759,0.068965517,0.034482759,261.145956,268.6240172,277.4940955,287.2843141,302.4837517,0.004019472,0.006503693,0.014040864,0.120232048,0.125292041,0.160053523
5019,0,0,0,,,0,,,,,,,,,224.735925,251.9594406,249.5058699,283.466448,304.273672,0.001595226,0.002186051,0.002570087,0.389235178,0.53835928,0.521107205
5020,0,0,0,,,0,,,,,,,,,283.5170336,289.1329477,308.0560367,322.3454048,354.3047964,0.004375586,0.004545252,0.004447024,0.50864848,0.462365495,0.5313033
5021,6,0,7,1896,1993,268270000,1.132292254,0.714285714,0,0,0,0,0,0,1194.07451,1449.951277,1709.877192,2029.531258,2404.928375,0.028293679,0.046400099,0.073322303,0.45692241,0.32890922,0.288127745
5022,7,0,9,1930,1977,121697750.3,0.371991854,0.111111111,0.777777778,0,0,0,0.111111111,0,206.2357387,202.2084204,199.7140284,189.2166832,179.7767005,0.001244127,0.004361763,0.005913262,0.112278802,0.017520235,0.02214546
5023,0,0,0,,,0,0,,,,,,,,575.0247463,626.1217489,680.3571171,735.1554448,793.233592,0.014307559,0.01602678,0.019440426,0.417307931,0.528487003,0.460222342
5024,2,0,2,1984,2001,144758000,0.732687028,0.666666667,0,0,0,0,0,0,280.1954437,290.9459192,302.1426278,304.0461949,311.6053979,0.00293276,0.006079368,0.009612937,0.270598059,0.129387684,0.175904522
5025,1,0,1,1986,1986,8460000,1.66940955,1,0,0,0,0,0,0,272.7198209,316.2714015,327.6034714,358.7051907,390.6348728,0,0,0,0.326556366,0.329781268,0.338586652
5026,14,0,14,1895,1970,189010914.6,,0.875,0,0,0.0625,0,0,0,284.7291041,290.2604635,294.0591626,299.8185587,309.6206978,0.002006255,0.002856336,0.005563591,0.310604763,0.297192194,0.170909143
5027,15,0,15,1895,1970,212890914.6,0.310858948,0.882352941,0,0,0.058823529,0,0,0,325.7226804,331.170285,336.5037737,343.2546609,353.0681022,0.003954181,0.006243186,0.01153903,0.304824735,0.276925725,0.135253982
5028,10,0,13,1959,2005,1756218100,0.155179156,0.625,0.375,0,0,0,0,0,334.0805436,352.0812568,372.5689155,392.8939633,409.7712174,0.003040404,0.009157658,0.013456837,0.113040236,0.238218259,0.137863895
5029,60,0,64,1000,2009,9373263817,1.371690739,0.728395062,0.111111111,0.024691358,0.037037037,0.012345679,0.024691358,0,356.3752478,386.806947,418.1208547,453.2782084,494.0913468,0.005022654,0.009501083,0.014977036,0.249009463,0.234747193,0.186751442
6001,4,35615.83,12,1964,2010,1589671200,0.552656467,1,0,0,0,0,0,0,292.3060951,316.9901832,349.4998564,381.4616673,416.4122276,0.010044113,0.010416813,0.010485716,0.559390087,0.564430935,0.564095818
6002,1,1697,1,1985,1985,58100000,,1,0,0,0,0,0,0,180.1240314,192.6376887,200.3935452,214.0746536,229.2712607,0.000907495,0.000901525,0.000883614,0.427251125,0.447663797,0.445783133
6003,0,0,0,,,0,,,,,,,,,113.2151049,123.3613048,123.6165654,138.9865141,152.7347015,0,0,0,0.396137322,0.408445253,0.399156249
6004,6,3032,9,1963,1990,2598774000,,0.642857143,0.142857143,0,0,0,0,0.071428571,412.3891056,455.6185418,505.2098669,558.6229237,621.9735981,0.033711626,0.036001641,0.037153515,0.495927241,0.549768338,0.532167497
6005,0,0,0,,,0,0,,,,,,,,329.8960962,352.1120254,385.8564159,416.9329155,439.9344734,0.029486628,0.0296261,0.018003464,0.522379386,0.522635084,0.525726705
6006,11,825,22,1963,2010,4200865200,0.593031025,0.814814815,0.074074074,0,0,0,0,0.037037037,391.9454186,429.6430343,471.4561707,518.2076226,569.9396016,0.022943873,0.025053471,0.025527452,0.496911469,0.523724445,0.515575594
6007,8,3290.566,8,1980,2002,173365000,0.049091915,0.888888889,0.111111111,0,0,0,0,0,245.8688608,262.0951449,277.6114686,297.7434205,317.118494,0.010014319,0.010027701,0.010025471,0.544335107,0.565255889,0.56439274
6008,11,0,22,1963,2010,4200865200,0.601746476,0.814814815,0.074074074,0,0,0,0,0.037037037,372.3704605,406.7871894,449.2126329,493.9429403,543.3548652,0.022885546,0.024114948,0.024640945,0.524539013,0.551834843,0.543174564
6009,12,444.46,23,1963,2010,4300765200,,0.821428571,0.071428571,0,0,0,0,0.035714286,376.0162409,411.2378638,450.4997382,494.0876402,542.5984678,0.021271842,0.023157555,0.023585108,0.475491017,0.499764441,0.493099721
6010,3,0,3,1981,1990,105360000,,0.75,0.25,0,0,0,0,0,205.3076212,216.8672072,230.7190185,245.4486007,264.1065013,0.005047074,0.005047074,0.005144133,0.504543113,0.521155153,0.520751984
6011,12,0,23,1963,2010,4300765200,,0.821428571,0.071428571,0,0,0,0,0.035714286,374.295732,409.6993888,447.1704641,489.2989229,534.8701476,0.025407983,0.027024739,0.02582655,0.49690255,0.518537571,0.513252762
7001,1,514.16,1,1983,1983,86000000,0.130735648,0.333333333,0,0,0.333333333,0,0.333333333,0,87.46527275,82.77624309,87.87095365,88.99705291,100.8073654,0,0.000222996,0,0.248640785,0.258866754,0.282440641
7002,10,2337.86,13,1975,1996,80404000,0.017337307,0.866666667,0.066666667,0,0,0,0,0,171.5095981,183.6700013,197.330738,212.50133,229.566385,0.006369493,0.007046438,0.007449847,0.519486027,0.521663975,0.523839625
7003,17,43350.39,42,1957,2010,6883802143,,0.875,0.041666667,0,0.020833333,0,0.020833333,0.020833333,177.1140065,192.0094657,207.4335884,224.3700138,242.7328745,0.004639214,0.005523115,0.00598611,0.413495896,0.411250228,0.416573553
7004,3,0,23,1957,2010,1468817143,,0.92,0.04,0,0,0,0,0,192.5934997,211.5370797,231.7942504,253.3370961,277.5071975,0.006331792,0.007989432,0.008614776,0.381233529,0.363113735,0.381696597
7005,0,0,0,,,0,0,,,,,,,,145.2057404,156.0405559,169.1177976,182.8311695,197.3398218,0.016357201,0.016580452,0.01863327,0.338361013,0.354135584,0.356809148
7006,0,0,1,1985,1985,73000000,,1,0,0,0,0,0,0,90.70512544,97.15036244,104.1840646,105.8423607,107.9810522,0,0,0,0.415834927,0.465970457,0.524258788
7007,3,0,24,1957,2010,1470317143,0.133674759,0.923076923,0.038461538,0,0,0,0,0,182.0382461,199.6405398,218.259013,238.6000739,260.9114383,0.005927414,0.007409726,0.008121785,0.377420384,0.361986472,0.373485728
7008,0,0,12,1957,2009,637464143,0.161957599,1,0,0,0,0,0,0,191.7967718,214.4570992,238.5839439,263.431652,292.4290122,0.004868696,0.00595399,0.006725419,0.325735646,0.29050141,0.341092365
7009,17,0,42,1957,2010,6883802143,0.417922255,0.875,0.041666667,0,0.020833333,0,0.020833333,0.020833333,178.9906826,193.8745074,209.2429374,226.1043534,244.5127717,0.004668432,0.005535695,0.005996083,0.417083195,0.416457851,0.421798246
7010,14,0,39,1957,2010,6790554143,,0.906976744,0.046511628,0,0,0,0,0.023255814,174.2202908,189.3820296,205.2952513,222.5460538,241.2040803,0.004490821,0.005392546,0.005937867,0.409182267,0.404046537,0.40903379
7011,0,0,13,1957,2009,762764143,,1,0,0,0,0,0,0,203.3084228,224.7157921,247.6083098,274.3149804,303.4304025,0.005887735,0.007565223,0.008238315,0.350741811,0.319221794,0.362350419
7012,4,0,26,1957,2010,6693317143,,0.866666667,0.066666667,0,0,0,0,0.033333333,171.0648036,187.2748834,204.5168099,222.9353999,243.3276576,0.005156415,0.006325146,0.007029982,0.382439556,0.371781738,0.377036722
7013,5,0,6,1975,1996,53551000,,0.75,0.125,0,0,0,0,0,178.5916516,191.8113307,206.2551432,221.9121861,239.2228045,0.00833003,0.009138235,0.009687754,0.532921373,0.534250014,0.538708922
7014,9,0,32,1957,2010,6729841143,,0.888888889,0.055555556,0,0,0,0,0.027777778,163.9993485,178.7993911,194.5280472,211.5078385,229.9011615,0.004644326,0.005617469,0.006204806,0.387372253,0.380402997,0.385379083
7015,1,0,5,1985,2010,312508000,0.161086952,0.833333333,0.166666667,0,0,0,0,0,116.9562892,127.0022059,139.6114956,151.2530626,166.3009142,0.004805281,0.004802185,0.003975503,0.404625083,0.411161132,0.382787682
8001,1,82,5,1984,1993,75924000,0.247511756,1,0,0,0,0,0,0,157.7139672,189.8503932,222.415775,260.3932454,308.7705506,0.002872957,0.002872957,0.002895402,0.548223031,0.638671796,0.61341222
8002,0,0,0,,,0,,,,,,,,,106.4280136,115.5560951,120.4166177,123.9607817,133.8778518,0,0,0,0.474661141,0.504683588,0.542821376
8003,44,16308,46,1967,2004,3614900000,1.019793646,0.958333333,0.041666667,0,0,0,0,0,157.8703004,174.5770706,183.078742,200.5041246,219.1359814,0.016798002,0.018359215,0.01581603,0.400029621,0.394118518,0.342072
8004,38,0,39,1967,2004,3518122000,,0.951219512,0.048780488,0,0,0,0,0,121.0305873,130.8372538,138.3980974,148.1561287,160.7573235,0.007703278,0.008829108,0.009614673,0.370394972,0.36400097,0.313340119
8005,3,2240,4,1977,1988,553631000,0.41415343,1,0,0,0,0,0,0,59.87419671,65.57548404,73.50087969,81.18340871,91.4856165,0.000556141,0.000636472,0.000630293,0.160712355,0.165652739,0.173040144
8006,101,15153.921,137,1908,2011,7745704470,0.393777059,0.971631206,0.021276596,0,0,0,0,0,221.9187798,245.1595773,269.5762019,298.3917306,330.3359436,0.016128371,0.017840005,0.017337978,0.541970677,0.548629609,0.542182832
8007,174,34726.435,234,1908,2014,20558495030,,0.932270916,0.019920319,0.003984064,0.007968127,0,0.003984064,0.007968127,195.6850372,213.8036239,233.5545987,255.7290095,280.1597436,0.009965222,0.010842542,0.010643562,0.556010151,0.573369928,0.56506672
8008,7,0,7,1981,2003,12158000,,1,0,0,0,0,0,0,155.0635111,178.8081919,188.4906157,196.3780948,206.8618651,0.004381154,0.004381154,0.005570607,0.682230886,0.684953413,0.593927179
8009,5,0,6,1917,2003,202086000,0.231111711,1,0,0,0,0,0,0,296.191179,317.3890748,326.4870178,357.0752025,377.514994,0.019306309,0.020828271,0.018401906,0.438257606,0.432949299,0.36257458
8010,1,0,4,1910,1986,417565000,,1,0,0,0,0,0,0,196.8077389,212.8517479,231.3116652,253.7562584,277.1211758,0.002065058,0.002065058,0.004835535,0.609436689,0.616610347,0.614664755
8011,37,0,60,1908,2005,1465565470,0.175310163,0.983606557,0.016393443,0,0,0,0,0,281.2232206,310.3037082,342.5114805,379.2625996,420.5735487,0.019575834,0.022380723,0.022237106,0.625782762,0.63977734,0.641481279
8012,124,0,160,1908,2011,8730806470,,0.975609756,0.018292683,0,0,0,0,0,217.7971416,239.9710322,264.5557344,292.2523176,323.179585,0.01456122,0.016042858,0.015654713,0.547975082,0.556072856,0.545457465
8013,19,0,30,1958,2014,3376487000,0.291796399,0.833333333,0.027777778,0,0.027777778,0,0,0.027777778,149.378737,163.2431003,178.0265838,194.5516356,212.8889995,0.002748831,0.002992169,0.003230109,0.499675959,0.546292267,0.555521432
8014,1,0,1,1985,1985,340000,,1,0,0,0,0,0,0,72.1193208,74.86177969,80.09693502,91.33992359,106.430762,0.002,0.002,0.002060606,0.285030303,0.280030303,0.191030303
8015,3,0,3,1983,1991,2487000,0.002140789,1,0,0,0,0,0,0,186.4456852,221.006191,222.2755369,248.9952714,273.7461845,0.022574203,0.022574203,0.022781702,0.397318071,0.41412552,0.416148639
8016,12,0,20,1958,2014,2758657000,0.366675314,0.8,0.04,0,0.04,0,0,0.04,171.1188065,186.828413,203.7581517,223.0546736,244.2634193,0.001374135,0.001805696,0.002182893,0.568928818,0.619833715,0.622929074
8017,172,0,227,1908,2014,20452487770,,0.930327869,0.020491803,0.004098361,0.008196721,0,0.004098361,0.008196721,199.6400458,218.3071148,238.5625485,261.3411256,286.4540598,0.010358352,0.011268437,0.011060852,0.563807842,0.58022398,0.571298897
8018,3,618.48,4,1967,1982,25900000,,0.8,0,0,0,0,0,0,295.2636991,315.0899831,333.534965,354.2005004,368.3940752,0.005432558,0.007613023,0.007575814,0.527426977,0.547914419,0.565871628
8019,41,0,42,1967,2004,3527314000,,0.954545455,0.045454545,0,0,0,0,0,130.1639641,143.429033,145.643272,158.5703009,173.2202013,0.009975311,0.011285818,0.010499015,0.363866929,0.358277014,0.306995187
8020,14,0,22,1908,2005,682460470,0.361359494,1,0,0,0,0,0,0,229.6619884,251.8961426,277.9583558,300.4542425,325.1186986,0.007831996,0.007572575,0.008278935,0.487216434,0.497807605,0.516226543
8021,13,0,12,1981,2003,20057000,0.00771946,1,0,0,0,0,0,0,110.5433513,117.355515,134.4136041,145.1858786,156.5906915,0.002055024,0.002052933,0.002669649,0.459045867,0.461790776,0.398647406
8022,1,0,2,1977,1979,354600000,,1,0,0,0,0,0,0,48.1182891,53.71367996,62.21681938,74.26750194,86.84689807,0.0008778,0.0008778,0.000855483,0.148244028,0.148697806,0.14918134
8023,11,0,10,1967,2004,15704000,0.050160723,1,0,0,0,0,0,0,114.0897658,123.8408147,121.1710542,127.5498539,136.3700152,0.006795161,0.0080723,0.010665575,0.268433213,0.268452712,0.263422148
8024,0,0,0,,,0,,,,,,,,,70.61158595,69.58858266,76.09997305,93.04923379,98.44688495,0,0,0,0.385673352,0.365902579,0.405229226
8025,4,0,5,1974,1985,60518000,,1,0,0,0,0,0,0,169.5004493,184.4765915,197.7956181,208.8812577,226.1198657,0.00149401,0.001173285,0.00149807,0.710223005,0.720603937,0.724071014
8026,187,2939.23,253,1908,2014,20877778030,,0.926739927,0.018315018,0.003663004,0.010989011,0,0.003663004,0.007326007,193.1457288,210.7632598,229.9774714,251.4302479,275.0704611,0.009560092,0.010409102,0.010221296,0.544927777,0.562595734,0.555272045
8027,2,0,3,1981,1997,18127800,,0.75,0,0,0.25,0,0,0,111.8207617,115.0757143,122.9610755,130.8882384,138.7737627,0.001193333,0.00119,0.00119,0.53393,0.56432,0.56387
8028,1,0,2,1909,1909,12090000,0.011729819,1,0,0,0,0,0,0,500.6299336,536.6330573,585.7421237,632.0285618,716.8428196,0.040090101,0.050579048,0.050341304,0.845002942,0.822727529,0.835404528
8029,13,0,15,1923,1988,1935939000,0.598053849,0.9375,0,0,0,0,0,0,119.6485478,130.2179542,141.2239454,154.2329799,168.6198092,0.003418864,0.003668107,0.003636364,0.356599947,0.361272081,0.369136173
8030,0,0,4,1961,2002,124542000,0.093018625,1,0,0,0,0,0,0,135.6337984,145.6743643,161.5720073,179.8037442,202.2148044,0,0,0,0.519256466,0.522711528,0.520068058
8031,7,0,11,1974,2006,78750500,0.041265808,1,0,0,0,0,0,0,184.2816997,196.8043077,210.4252138,221.810124,237.2700458,0.000988426,0.000785178,0.000958473,0.749132453,0.758982478,0.763002503
8032,0,0,3,1961,2002,84872000,,1,0,0,0,0,0,0,145.646066,160.5330907,176.0038023,191.6138175,214.169296,0,0,0,0.563576344,0.568803053,0.565322947
8033,3,0,4,1965,1982,291193000,,1,0,0,0,0,0,0,107.3941894,118.8003979,123.3157905,135.558199,144.1141147,0.006871924,0.007964383,0.007747066,0.40487378,0.416186024,0.419434035
8034,57,0,90,1908,2011,4127897470,0.264860484,0.97826087,0.010869565,0,0,0,0,0,233.0021017,257.3250198,284.7316847,315.5128642,349.7462596,0.01584553,0.017631097,0.017535059,0.564742389,0.574095836,0.576847414
8035,19,0,36,1908,2005,973902470,0.200837115,1,0,0,0,0,0,0,299.7105131,332.2819698,369.2025022,410.3546752,456.6817277,0.024606101,0.029028213,0.029267998,0.622073141,0.614595397,0.641409297
8036,5,0,4,1981,2006,42696000,0.013531666,1,0,0,0,0,0,0,137.1176943,147.3582041,157.9861488,170.0743823,183.2960101,0.003687386,0.003796729,0.003221416,0.660154863,0.675338417,0.580108973
8037,0,0,0,,,0,,,,,,,,,110.843551,120.3694416,127.066868,137.0763748,144.7732352,0.005696389,0.006143819,0.005142109,0.562099316,0.573291751,0.453046533
8038,176,0,238,1908,2014,20665105030,0.472134084,0.926070039,0.019455253,0.003891051,0.011673152,0,0.003891051,0.007782101,193.3381238,211.1847342,230.6639584,252.453016,276.4664344,0.009758388,0.010613887,0.01041961,0.551181335,0.568707122,0.56089403
9001,1,199,7,1919,2004,409294162,0.230700531,1,0,0,0,0,0,0,162.4623887,175.6232746,187.2767966,200.0742026,211.5668753,0.019021545,0.020676575,0.020780089,0.559107545,0.564272524,0.555323939
9002,15,5677.97,49,1908,2008,1579183208,0.68272896,0.941176471,0.019607843,0,0,0,0,0,185.664454,196.1339779,207.4433168,218.9966369,231.0966712,0.007042455,0.007750272,0.007996355,0.621218335,0.620123401,0.610788146
9003,0,0,1,,,216300000,,1,0,0,0,0,0,0,86.05161784,89.89621225,97.33257132,102.4209675,106.2438889,0,0,0,0.212863706,0.214292245,0.223343466
9004,0,0,2,,,14690000,,1,0,0,0,0,0,0,94.82056458,100.9215822,106.8210403,112.1821533,119.2353932,0.002442578,0.002442578,0.002756623,0.293466977,0.288154371,0.291451851
9005,1,0,9,1969,2008,60585000,0.437575729,1,0,0,0,0,0,0,139.2375303,145.560974,152.6247544,160.619914,167.0153223,0.000599975,0.001032516,0.00109949,0.571394287,0.551465335,0.543840066
9006,8,0,8,1908,1987,39424000,,1,0,0,0,0,0,0,269.2776811,281.5863739,294.3454459,306.3094745,323.1106301,0.002994943,0.002894082,0.003361334,0.76240534,0.768881003,0.749890391
9007,2,803,9,1922,2001,99657750,,1,0,0,0,0,0,0,177.2936299,186.4142239,196.0883066,207.2590267,218.0297564,0.001835027,0.001833334,0.00228532,0.421275818,0.427398782,0.413365226
9008,0,0,8,1959,2000,47355000,0.439390548,0.875,0,0,0,0,0,0,108.0769079,114.8705256,121.1861402,127.0361675,133.9441304,0.001702235,0.001702235,0.001860677,0.30912016,0.308982031,0.308608271
9009,19,2622,71,1908,2008,4169327958,,0.932432432,0.027027027,0,0,0,0,0,182.6151269,192.3839535,203.0437617,214.1353775,225.8743567,0.005861769,0.006351516,0.006717316,0.533721054,0.53268041,0.524812967
9010,0,0,0,,,0,,,,,,,,,310.6258789,316.9900929,343.2741448,350.4378335,361.4256093,0.005127733,0.005127733,0.008935151,0.582135839,0.611888971,0.563006632
9011,0,0,10,1975,2008,82321462,1.455509943,1,0,0,0,0,0,0,181.4217126,192.2787074,204.3428164,215.4655012,227.8175052,0.002206992,0.002500029,0.002690922,0.654995956,0.652931297,0.649187114
9012,12,0,17,1908,1994,603936584,6.982129156,0.941176471,0.058823529,0,0,0,0,0,222.3277668,233.9008716,246.1691004,258.1148609,272.7299574,0.003837639,0.003995142,0.004429275,0.701881802,0.71978199,0.694427188
10001,0,0,1,1982,1982,12400000,,1,0,0,0,0,0,0,156.5036353,192.1247042,214.6859586,253.1784631,274.6533287,0,0,5.10E-05,0.048287345,0.070426125,0.073977165
10002,17,4681.75,46,1911,2002,187088000,,0.882352941,0,0,0.019607843,0,0,0,333.0089975,379.5866056,431.3209043,486.1410119,555.8177657,0.001948303,0.001690769,0.002295414,0.354837445,0.357323211,0.615434141
10003,5,1926,18,1978,2012,235001000,,0.857142857,0,0.047619048,0,0,0,0,219.058104,247.1500464,280.1410528,312.3566322,346.7518758,0.003384222,0.004904624,0.005485311,0.686928288,0.69944741,0.715216509
10004,8,0,27,1911,2002,91522000,0.055907607,0.928571429,0,0,0,0,0,0,312.4427027,352.7304997,401.4554922,455.2331582,522.1579798,0.002326334,0.001947756,0.002828362,0.336939883,0.34184768,0.705814738
10005,1,73.74,2,1986,1986,152120000,0.628782343,1,0,0,0,0,0,0,125.3844998,137.0258873,148.3637538,160.918336,184.3950932,0,0,0.000583903,0.356492222,0.378735033,0.385274746
10006,35,6094.42,111,1730,2016,5120130512,,0.852713178,0.015503876,0.007751938,0.023255814,0.007751938,0.007751938,0,252.6844198,283.1345311,318.1506093,355.5303705,400.3187511,0.001501679,0.001979849,0.002259919,0.391093907,0.408095482,0.501996167
10007,0,0,2,1967,1983,37926000,,1,0,0,0,0,0,0,196.1763479,214.1674229,234.0271606,255.6320951,285.5775134,0.001752256,0.001752256,0.001703355,0.114939812,0.221216147,0.224215356
10008,71,27772.35,152,1730,2016,6405341512,1.178757965,0.862857143,0.017142857,0.005714286,0.028571429,0.005714286,0.005714286,0.005714286,278.5568144,310.1429227,346.2971108,385.1734339,429.6362319,0.00173565,0.002109738,0.002327363,0.459573539,0.471964764,0.551604868
10009,6,0,32,1958,2016,2517297500,,0.780487805,0.024390244,0.024390244,0.024390244,0.024390244,0.024390244,0,226.2201871,247.8585794,272.2765317,302.2479866,334.9406043,0.002311348,0.003560043,0.003842261,0.563924687,0.542528167,0.59414406
10010,5,0,23,1974,2012,296519500,0.165811234,0.793103448,0,0.034482759,0.034482759,0,0.034482759,0,226.7432883,250.224674,279.7134111,307.5749826,341.4290609,0.003411515,0.005494722,0.005949766,0.649605585,0.658382937,0.699089649
10011,7,0,50,1730,2016,3334682500,1.349477229,0.833333333,0.016666667,0.016666667,0.016666667,0.016666667,0.016666667,0,200.7141954,223.8652326,249.7381345,276.0169416,306.8790898,0.001101702,0.001941494,0.002142132,0.354575637,0.383265543,0.431599264
10012,19,0,20,1868,1993,840203000,,0.833333333,0.041666667,0,0.041666667,0,0,0.041666667,352.7567148,396.0587219,439.0601324,500.5174631,567.1444712,0,0,0,0.594399232,0.586232136,0.642748445
10013,8,10846.006,8,1892,1989,151454000,0.322833161,0.7,0,0,0.1,0,0,0,826.7213737,897.1789046,962.6704924,1042.929651,1125.349229,0.023159334,0.048754067,0.050206087,0.857717409,0.830624561,0.830048362
10014,1,0,8,1730,2000,792223000,0.877730307,0.888888889,0,0,0,0,0,0,182.3573228,203.9050228,229.8572701,256.7069838,287.8129817,0.000423622,0.001121218,0.001299646,0.212772448,0.279176423,0.292865875
10015,0,0,5,1730,2000,637726000,,0.833333333,0,0,0,0,0,0,190.0163821,213.0506575,241.88709,270.3226122,302.5519753,0.000533902,0.001641931,0.001605362,0.13212791,0.233530865,0.25135441
10016,64,0,144,1730,2016,6306432512,,0.861445783,0.018072289,0.006024096,0.024096386,0.006024096,0.006024096,0.006024096,264.1371219,295.718541,331.3198325,369.8955667,414.8923517,0.001323906,0.00173236,0.001971272,0.428435139,0.442345234,0.529270198
11001,8,7591.23,11,1935,1990,984095000,1.969768293,0.916666667,0,0,0,0,0,0,158.3941032,173.4311788,188.4582947,205.0946134,223.6168208,0.000779333,0.000779333,0.001212125,0.268719013,0.280963478,0.295724603
11002,7,0,11,1935,1990,984095000,,0.916666667,0,0,0,0,0,0,139.3712413,152.6385304,168.874898,184.6870022,202.9325343,0.000469219,0.000469219,0.000979239,0.177839516,0.194963223,0.203240392
11003,1,0,1,1990,1990,21670000,,1,0,0,0,0,0,0,137.6277423,138.9172847,142.2498423,146.3021877,157.6904018,0,0,0,0.211774417,0.208383527,0.209655111
11004,5,3511.17,7,1962,1990,251885000,,1,0,0,0,0,0,0,294.2633043,319.1339924,327.8833322,353.5445797,381.0768557,0.002014134,0.002014134,0.002470297,0.532629673,0.567101542,0.578624915
11005,0,0,0,,,0,0,,,,,,,,117.2180923,131.5775941,150.9862582,172.7568795,191.0612473,0,0,0,0.083317205,0.151846757,0.161414007
11006,3,0,3,1978,1988,46688000,0.081343438,1,0,0,0,0,0,0,116.5972285,128.5636001,142.9064125,158.557665,175.5977027,0,0,0,0.091221492,0.1309599,0.146551526
11007,8,5276.2,8,1965,2009,236747000,0.533348988,1,0,0,0,0,0,0,281.0210808,301.7082024,326.588503,354.7289802,386.6380885,0.002340035,0.002340035,0.002281371,0.660505878,0.659994199,0.69707626
11008,1,0,1,1978,1978,45830000,,1,0,0,0,0,0,0,137.2529902,135.0994226,148.8047908,152.6190917,172.5818566,0,0,0,0.021587409,0.022124269,0.02819926
11009,13,0,17,1935,1990,1214310000,,0.944444444,0,0,0,0,0,0,289.6616893,319.6110123,341.6629809,365.119344,392.4527933,0.007698689,0.011545748,0.012250718,0.356223735,0.366605196,0.376053171
11010,29,2386.41,42,1910,2009,2137534000,0.83878149,0.933333333,0,0,0.022222222,0,0,0,539.647094,589.9695366,639.689092,700.5113933,763.4830435,0.009126896,0.016152505,0.016592647,0.591404928,0.591226507,0.600689287
11011,5,0,5,1969,2009,192080000,,1,0,0,0,0,0,0,282.991095,311.096111,344.6714404,372.3868605,416.9330894,0.000469405,0.000469405,0.000444258,0.51372171,0.491818944,0.612573345
12001,8,496.29,0,,,0,,,,,,,,,118.8112424,130.6518338,145.7791009,153.7126724,161.5434898,0.000962363,0.000962363,0.000966244,0.398829642,0.404906499,0.404064432
12002,0,0,16,1909,2002,30580000,0.037772696,1,0,0,0,0,0,0,134.0970481,136.5476964,155.9277986,178.0157116,196.7613516,0,0,0,0.439204052,0.442655042,0.443583379
12003,13,11133.35,0,,,0,,,,,,,,,93.22858188,100.360162,109.9091517,119.244418,129.1657975,0.000776699,0.000776699,0.000766077,0.426284673,0.440998794,0.477388779
12004,23,1024.72,43,1909,2003,4036874000,,0.913043478,0.02173913,0,0.02173913,0,0,0,169.8418032,183.2044127,197.88273,213.3803943,229.2925846,0.003620311,0.005641446,0.005698138,0.518683127,0.526259718,0.545782385
12005,0,0,78,1909,2003,4115473000,0.359393595,0.873563218,0.022988506,0,0.057471264,0.011494253,0,0,140.2481878,144.0893412,156.1064036,184.2324728,202.4381106,0.003878935,0.003878935,0.004052879,0.202817881,0.199965211,0.186623761
12006,0,0,3,1978,1988,30045000,,1,0,0,0,0,0,0,104.4613591,112.0510502,123.5420389,134.066687,150.3665314,0,0,0,0.51542501,0.507447251,0.466141531
12007,0,0,1,1986,1986,1029000,0.001318037,1,0,0,0,0,0,0,237.9820995,258.9107941,280.1258178,303.0830766,337.3435908,0.00754426,0.00754426,0.00759156,0.531158505,0.513950969,0.59728312
12008,75,280868.401,3,1981,1985,91578000,,1,0,0,0,0,0,0,166.8908006,181.9656744,197.9485543,216.0044706,235.3067052,0.002501451,0.00312684,0.003338283,0.480007206,0.46531452,0.519095253
12009,16,0,303,1909,2017,31817848904,,0.894894895,0.024024024,0.003003003,0.024024024,0.012012012,0.003003003,0.006006006,232.9729217,250.0868524,269.7211593,289.2147524,311.2106103,0.000943474,0.000943474,0.00094597,0.530314716,0.532960436,0.662900259
12010,0,0,20,1961,1993,253880220,0.119310705,1,0,0,0,0,0,0,104.6722316,107.8616056,115.8587777,136.2887834,145.4565487,0,0,0,0.408361038,0.403197284,0.419024546
12011,0,0,0,,,0,,,,,,,,,84.04603548,92.1769528,90.75621707,99.11363165,116.4161995,0,0,0,0.155682014,0.165787205,0.195240559
12012,0,0,1,1956,1956,973000,,1,0,0,0,0,0,0,73.7930929,76.3442968,79.46812944,85.75346506,98.1349083,0,0,0,0.224394381,0.153879639,0.236905334
12013,0,0,0,,,0,0,,,,,,,,164.6902109,179.3245418,196.174145,224.2265228,255.4355642,0,0,0,0.44643204,0.379298064,0.384834553
12014,0,0,5,1933,1988,5897320,,1,0,0,0,0,0,0,86.22810772,93.89296729,101.1212469,114.0050113,128.9061972,0,0,0,0.534867161,0.507603209,0.534123455
12015,1,0,2,1984,1991,4620000,,1,0,0,0,0,0,0,190.7343926,209.9501253,243.7172725,260.3356251,296.9358912,0,0,0,0.704655057,0.704655057,0.712486936
12016,3,0,4,1976,2000,7457970,0.053858074,1,0,0,0,0,0,0,57.59867771,66.11230793,73.39173331,79.91487101,83.24880791,0.000442927,0.000442927,0.000430026,0.602982661,0.639233865,0.584310926
12017,0,0,5,1981,1987,2850000,0.002223745,1,0,0,0,0,0,0,123.7117628,132.1564604,141.8994341,165.3973343,182.159457,0.001827981,0.001827981,0.001799714,0.62525441,0.524046434,0.59327416
12018,3,0,3,1976,1983,31568500,,1,0,0,0,0,0,0,100.8830324,106.8373843,115.037411,127.7627117,141.707034,0.000461465,0.000461465,0.000461465,0.264200142,0.266959973,0.319894087
12019,0,0,3,1980,1991,3458000,0.002240001,1,0,0,0,0,0,0,34.5603681,42.2489599,44.72563647,52.01212158,55.36318283,0,0,0,0.505511375,0.54132273,0.495772096
12020,54,0,0,,,0,,,,,,,,,160.3391287,174.9371494,190.5558146,208.2449611,227.5036718,0.002509016,0.00309934,0.003331151,0.48076165,0.463998852,0.518403488
12021,0,0,278,1909,2017,31009326684,1.333741473,0.895081967,0.02295082,0.003278689,0.02295082,0.013114754,0.003278689,0.006557377,167.4224771,186.124977,203.5925215,233.8928552,268.6550885,0,0,0.001235774,0.494349325,0.48733332,0.493253074
12022,0,0,5,1918,1984,16140000,,1,0,0,0,0,0,0,45.44794457,55.25832827,66.48025462,75.72172399,76.90908141,0,0,0,0.6100435,0.607400474,0.577941743
12023,1,0,0,,,0,,,,,,,,,204.5034719,220.4283987,233.8506091,255.162963,283.8893453,0.001068365,0.001680341,0.003008018,0.478077773,0.454034374,0.483730772
12024,0,0,9,1966,1989,156185300,,1,0,0,0,0,0,0,51.60913829,55.31643777,64.06740321,68.85597013,70.278223,0,0,0,0.475836584,0.560097168,0.467375529
12025,41,0,0,,,0,,,,,,,,,153.1279083,165.1684032,177.8290977,191.3233624,206.1010419,0.002798989,0.003772485,0.004133376,0.500820818,0.478723455,0.522933156
12026,40,0,139,1909,2004,6957200570,0.293865855,0.872611465,0.025477707,0.006369427,0.031847134,0.012738854,0.006369427,0.006369427,157.596819,169.85169,183.0761535,196.6668868,211.6032167,0.002712045,0.003999845,0.004173501,0.491831416,0.468678033,0.518161551
12027,42,0,128,1909,2004,6663058000,0.333928052,0.868965517,0.027586207,0.006896552,0.034482759,0.013793103,0.006896552,0.006896552,152.0513076,164.3332256,177.6096718,191.6194732,207.093863,0.002915124,0.003733629,0.004038655,0.513798473,0.487539724,0.530841719
12028,0,0,152,1909,2006,19339229070,,0.876470588,0.029411765,0.005882353,0.029411765,0.011764706,0.005882353,0.005882353,142.7100435,161.5393654,190.229647,224.961182,261.6835046,0,0,0,0.463116067,0.703839005,0.692142537
12029,3,0,5,1955,1992,7156000,,1,0,0,0,0,0,0,204.3955471,228.8133281,255.3687677,280.4958679,311.231379,0.002166979,0.002166979,0.002156876,0.522842934,0.517496205,0.435305082
12030,0,0,14,1968,2010,209343000,0.180882346,0.933333333,0,0,0.066666667,0,0,0,166.692488,177.4537127,183.1133445,192.0301356,220.1888615,0,0,0,0.726918856,0.725780069,0.706855498
12031,0,0,1,1990,1990,773000,,1,0,0,0,0,0,0,35.82449021,35.2315326,48.35230934,50.63559528,54.36496639,0,0,0,0.500998149,0.504845559,0.441181808
12032,0,0,0,,,0,,,,,,,,,204.292801,228.0463403,255.2080203,294.3541947,348.7703445,0.014973675,0.018692943,0.01197894,0.592957542,0.585084287,0.581075206
12033,1,0,2,1927,1983,24956000,,0.333333333,0,0,0,0.333333333,0,0,114.7036982,122.8650414,135.0848432,145.335588,161.3154321,0,0,0,0.549558312,0.563911638,0.567033811
12034,12,0,1,2000,2000,1430000,,1,0,0,0,0,0,0,90.62500844,97.52492548,107.253408,116.3160932,125.4939828,0.000604612,0.000604612,0.000606159,0.437965781,0.453906823,0.494070239
12035,47,0,35,1909,2002,110167000,,0.944444444,0,0,0.027777778,0,0,0,154.1619192,167.7556271,182.1936175,197.7601876,214.2040262,0.002704797,0.003410325,0.003674211,0.504550763,0.481020949,0.51310927
12036,3,0,192,1909,2010,21093729070,0.693913255,0.882629108,0.028169014,0.004694836,0.028169014,0.014084507,0.004694836,0.004694836,71.90813207,78.56384557,86.28391338,93.65532106,102.1686518,0.00026721,0.00026721,0.000255064,0.597957866,0.615717227,0.610393265
12037,3,0,10,1979,1990,7347000,0.002635553,1,0,0,0,0,0,0,90.00170387,89.46089796,99.51263653,100.6133711,108.9394867,0,0,0,0.172979586,0.178484899,0.177969151
12038,0,0,3,1984,2000,5345000,,1,0,0,0,0,0,0,78.04745316,80.13007201,87.16357918,96.54454083,106.6815324,0,0,0,0.31835673,0.341958275,0.435478177
12039,43,0,3,1975,1985,9620000,0.004159619,0.666666667,0,0,0,0,0,0,150.478479,163.1411807,176.3098397,190.8774803,206.256894,0.002776128,0.003545385,0.003833707,0.498171665,0.47293429,0.512432589
12040,4,0,165,1909,2007,20372957070,0.742098793,0.870967742,0.032258065,0.005376344,0.02688172,0.016129032,0.005376344,0.005376344,134.7924645,149.0139658,164.929684,179.5140749,192.0647017,0.001553579,0.001553579,0.001553579,0.477910048,0.480201577,0.478230473
12041,3,0,6,1909,1998,8706000,,1,0,0,0,0,0,0,81.35848066,92.35944729,92.95776957,101.2610276,109.4045378,0,0,0,0.236826461,0.240361023,0.241171702
12042,0,0,4,1978,2001,8072000,,1,0,0,0,0,0,0,58.86615424,56.45370584,65.23168994,75.45104373,81.77283434,0,0,0,0.140147145,0.147144576,0.23420305
12043,3,0,18,1912,1986,57077000,0.034005359,0.85,0,0,0.05,0.05,0,0,402.5757914,429.8264356,449.3344183,485.1275243,513.6480809,0.016414389,0.022624246,0.022729498,0.654957606,0.662900446,0.6561423
12044,1,0,10,1980,1997,15452980,0.039469379,1,0,0,0,0,0,0,223.07419,259.2520333,288.5929326,329.4617116,374.1847534,0.002394206,0.002394206,0.002400147,0.212365512,0.280680596,0.280484545
12045,1,0,1,1987,1987,538745000,,0.25,0.25,0,0.25,0,0,0,148.233926,162.2425555,183.0426579,205.0605616,228.5247754,0.001631288,0.001631288,0.001596872,0.022831145,0.022831145,0.030085901
12046,30,0,86,1909,2003,4135626000,0.270178509,0.884210526,0.021052632,0,0.052631579,0.010526316,0,0,164.4901542,177.2070582,191.0670383,205.6460023,221.2175193,0.003045413,0.004660961,0.004727516,0.517050633,0.52455096,0.546379709
12047,2,0,9,1979,2010,175836000,,0.9,0,0,0.1,0,0,0,218.582273,243.0957431,270.4410242,297.8807145,331.9051265,0.002476448,0.002476448,0.002464903,0.491978965,0.48725986,0.396722315
12048,1,0,11,1956,2004,31126000,,0.916666667,0,0,0,0.083333333,0,0,220.7116519,226.6161448,246.0757777,264.1738871,271.1106643,0.006534716,0.011739449,0.011781338,0.714661221,0.515876008,0.62562572
12049,2,0,12,1967,2004,129183000,,0.923076923,0.076923077,0,0,0,0,0,194.9298786,214.1641693,221.8521379,231.4849399,252.5779376,0.003834968,0.003909368,0.003882313,0.238532296,0.257828881,0.259553602
12050,7,0,33,1956,2004,2484925000,,0.804878049,0.048780488,0.024390244,0,0.024390244,0.024390244,0.024390244,136.4724222,142.7198678,153.7820157,161.0274631,174.263433,0.002087504,0.002906069,0.002901138,0.235695665,0.213009261,0.270247969
12051,0,0,4,1983,2001,20375714,,1,0,0,0,0,0,0,100.5284022,115.1200216,132.2674662,138.8012485,148.4681593,0.001829414,0.001829414,0.001913849,0.883297449,0.855546643,0.855757729
12052,1,0,4,1980,1990,277532000,,0.8,0,0,0,0,0,0,94.40692299,103.0687909,124.7912076,135.1455657,149.5948103,0,0,0,0.439227673,0.448891252,0.373652035
13001,5,5804.9,4,1885,2005,55147000,,0.8,0.2,0,0,0,0,0,158.9210798,173.6000687,210.9307234,226.479083,244.6242087,0,0,0,0.655231463,0.655231463,0.65506022
13002,8,2208.493,17,1969,2007,36013000,,1,0,0,0,0,0,0,273.8886923,291.1605509,301.6931672,324.3847986,351.9614141,0.006678411,0.008091726,0.008032009,0.720442308,0.727389448,0.772227365
13003,114,90853.44,165,1955,2015,3693967770,,0.94,0.02,0,0.013333333,0,0,0,222.4367567,236.8919139,252.5107257,268.7554659,286.8015532,0.004180717,0.005599793,0.006067102,0.577944797,0.567586499,0.590663054
13004,17,0,41,1966,2014,1106655000,0.227719598,0.951219512,0,0,0.024390244,0,0,0,113.4674036,122.4057218,129.5027898,138.4183884,149.3385778,0.00096281,0.000641873,0.000969404,0.284727924,0.254633522,0.253338785
13005,66,19552.17,89,1884,2012,463291560,,0.964285714,0.011904762,0,0,0,0,0,269.7749593,296.3278728,319.8915568,353.6746489,387.7152367,0.003734468,0.004516048,0.004881166,0.664679438,0.554797303,0.687160412
13006,12,0,32,1966,2013,990567000,,0.939393939,0,0,0.03030303,0,0,0,96.95706852,104.1735666,111.6014257,116.0977269,124.0385458,6.45E-05,6.45E-05,6.45E-05,0.262909966,0.230880474,0.224278238
13007,345,7538681.113,447,1873,2015,13709887119,,0.956834532,0.016786571,0,0.004796163,0,0,0.002398082,240.9506557,260.8039331,282.3344282,305.2272323,330.7610783,0.004175787,0.005222375,0.005575483,0.576632681,0.582266887,0.618425194
13008,269,0,372,1873,2015,5778397249,0.656123655,0.956521739,0.014492754,0,0.005797101,0,0,0,244.7423009,263.4364521,282.7872309,304.2077269,328.0908767,0.004508196,0.00578795,0.006190223,0.595499933,0.590747296,0.63047435
13009,35,0,38,1884,2011,267525370,,0.945945946,0,0,0,0,0,0,297.3183437,325.1706986,349.8072953,396.5621058,439.4034868,0.004203458,0.005580155,0.006067825,0.635112682,0.426079132,0.633666934
13010,44,0,52,1970,2015,502452000,0.439303535,0.893617021,0.042553191,0,0.021276596,0,0,0,286.3741049,301.8398762,317.9121033,340.3981187,359.5943079,0.0048008,0.009772273,0.010910908,0.73031282,0.721663334,0.770453991
13011,110,0,160,1966,2015,3598343770,,0.938356164,0.020547945,0,0.01369863,0,0,0,217.7655471,231.865517,247.3101649,262.5352856,280.3622322,0.00373698,0.005173484,0.0056472,0.575800034,0.565314524,0.588836065
13012,9,0,15,1974,2006,183249000,,0.769230769,0.076923077,0,0.076923077,0,0,0,326.8946118,344.9277921,366.0831497,382.8467462,405.791771,0.003028998,0.012930535,0.01502902,0.752853664,0.755744603,0.763757503
13013,16,0,15,1970,2012,200961000,,1,0,0,0,0,0,0,195.1103012,215.2853785,237.3544046,254.300933,281.294678,0.001013724,0.001013724,0.001003432,0.214420608,0.677640957,0.678865658
13014,17,0,39,1966,2014,1014405000,,0.948717949,0,0,0.025641026,0,0,0,101.2224831,108.4903549,117.1616931,122.033164,131.0214849,5.41E-05,5.41E-05,5.41E-05,0.284384211,0.252950136,0.247898736
13015,2,0,2,1994,2009,8794000,,1,0,0,0,0,0,0,234.7409056,249.2270984,269.8386623,285.605404,297.319312,0.004000246,0.004000246,0.004000246,0.585266786,0.559080559,0.541417933
13016,296,0,399,1873,2015,5950991249,,0.956873315,0.016172507,0,0.005390836,0,0,0,240.8379708,259.6594216,279.5121163,300.5261356,324.3127675,0.004380835,0.005580025,0.005970856,0.586862977,0.59265052,0.630454909
13017,221,0,309,1884,2015,4716739600,,0.954385965,0.01754386,0,0.007017544,0,0,0,244.7887544,262.6994823,281.4030207,301.9121018,324.8695844,0.004306332,0.005759987,0.006208637,0.616585265,0.58655957,0.627769419
13018,7,0,9,1972,2012,87959000,,1,0,0,0,0,0,0,180.9443542,207.3864357,234.0878866,245.9019861,272.5471538,0.000803127,0.000803127,0.000792418,0.481212186,0.481212186,0.489960914
13019,8,0,9,1973,2009,54354000,,1,0,0,0,0,0,0,157.6684153,184.8488144,228.1622277,228.1618032,239.0255585,0.000693281,0.000693281,0.000693281,0.203500621,0.687014928,0.698323519
13020,4,0,4,1971,1983,39018000,,1,0,0,0,0,0,0,154.463902,169.5923703,184.54813,218.7814693,253.0224227,0.002155202,0.002155202,0.002196384,0.350858649,0.345051958,0.344818592
13021,346,86,448,1873,2015,13740887119,,0.954545455,0.016746411,0,0.004784689,0,0,0.002392344,246.946435,267.9404775,290.3110219,314.1971122,341.0836413,0.004581378,0.005708134,0.006049144,0.577834891,0.58335598,0.619387746
13022,4,0,7,1967,1994,254676000,,1,0,0,0,0,0,0,260.3437506,268.0146705,293.5266835,303.3943713,321.1329803,0.004198054,0.004198054,0.00415882,0.899491918,0.899491918,0.895764674
13023,0,0,16,1966,1999,42559000,,0.941176471,0,0,0.058823529,0,0,0,152.105852,168.1750105,183.7826828,188.3458038,196.9823358,0,0,0,0.630745727,0.477857686,0.453460445
13024,340,0,442,1873,2015,13608891119,,0.95631068,0.016990291,0,0.004854369,0,0,0.002427184,240.697856,260.1460102,281.187235,303.3597751,328.2596602,0.004227149,0.005287519,0.005653027,0.581028763,0.586699309,0.62151173
13025,76,0,97,1970,2015,931944000,0.516570727,0.91954023,0.034482759,0,0.011494253,0,0,0,266.0679421,281.6617274,298.8041736,316.6382308,336.8835523,0.005295087,0.008118967,0.008814344,0.723799976,0.719982254,0.763262641
14001,8,2371.54,10,1916,2005,504834000,,0.666666667,0.166666667,0,0,0.083333333,0,0,472.9794992,525.9710978,582.30299,662.9235922,737.6243251,0.001588667,0.011070073,0.013620035,0.334712876,0.329744498,0.365818366
14002,3,672.68,6,1976,2015,221595499,,0.75,0.125,0,0,0,0,0,173.6499418,173.124649,173.7167542,169.5492608,169.0871486,0,0,0,0.345407288,0.343924424,0.345957114
14003,14,6801.833,13,1954,2012,1089009615,0.298841667,0.692307692,0.076923077,0,0,0,0,0,159.7260162,177.9802892,205.0545001,235.0896778,277.2232251,0.000463397,0.000559937,0.00143846,0.438952338,0.452950774,0.462141471
14004,1,418,2,1969,2000,3401000,,1,0,0,0,0,0,0,182.5970633,192.8118078,211.5092125,230.1138713,247.2067707,0.000607192,0.000607192,0.00063303,0.265795066,0.270471737,0.290405721
14005,0,0,0,,,0,,,,,,,,,61.41737208,62.33505994,64.42870986,72.19648549,75.06478646,0,0,0.000820345,0.039106836,0.041871285,0.041725196
14006,14,17595.024,18,1976,2010,642558000,,0.818181818,0.090909091,0,0,0,0,0,147.6647433,163.0175807,183.6041924,210.9044524,236.5344364,0.00011618,0.000158428,0.000153147,0.306050348,0.339209235,0.343909253
14007,7,7194.14,5,1984,2003,127335500,,0.75,0,0,0,0,0,0,121.7933493,137.2258997,149.8617405,173.4333669,193.2086984,0.002302632,0.005047641,0.005047641,0.209108439,0.207066697,0.207928766
14008,0,0,0,,,0,0,,,,,,,,152.5798007,164.2361089,174.7569708,189.5386213,207.036647,0.000546935,0.000546935,0.000535658,0.255959899,0.27921309,0.28343633
14009,2,1994.9927,2,15,15,13551818.6,,0.5,0,0,0,0,0,0,168.3097949,190.2096025,207.0961147,254.532198,260.8122232,0,0,0.001819652,0.370265534,0.420777733,0.444669093
14010,4,1670,7,1964,2010,3035073000,,0.777777778,0.222222222,0,0,0,0,0,206.6328095,200.98739,186.571331,204.7298848,207.4724109,0.003947006,0.008001101,0.00821528,0.181302206,0.158951137,0.161658966
14011,5,1104.72,6,1971,1989,16134000,,0.555555556,0,0,0,0.111111111,0,0,142.3616258,163.5955292,175.1834639,197.2044771,222.2592507,0.001628091,0.003300185,0.004620259,0.190640676,0.141907947,0.155878729
14012,8,0,12,1976,2007,42790000,0.039180604,1,0,0,0,0,0,0,154.8680058,162.6479154,187.3060186,203.7704305,221.6208906,0,0,0,0.27964252,0.326897496,0.327762782
14013,2,1255.47,2,1986,2001,4708000,,1,0,0,0,0,0,0,141.0660448,137.4920009,134.8606119,132.1535943,129.8916315,0,0,0.000892235,0.160188893,0.157229283,0.160341226
14014,5,0,6,1976,2010,36462000,0.032809926,0.75,0.125,0,0,0,0,0,126.5631546,146.7427511,168.9362671,193.604734,219.9292551,0.000218103,0.000334424,0.000319884,0.487953471,0.526179571,0.546143221
14015,2,145159,2,1973,2000,150033000,,0.666666667,0.333333333,0,0,0,0,0,125.1794978,153.5448118,171.7812217,170.489067,177.0603582,0,0,0,0.124372647,0.124372647,0.125313676
14016,14,0,18,1976,2010,642558000,,0.818181818,0.090909091,0,0,0,0,0,184.5575279,216.609577,259.5617714,308.7112528,356.1630484,0.003833232,0.003868973,0.004226384,0.309620608,0.340889596,0.349530005
14017,14,0,18,1976,2010,642558000,,0.818181818,0.090909091,0,0,0,0,0,225.0949554,266.8321554,315.1673384,371.5827062,432.4338459,0.008212608,0.008246685,0.008357436,0.313591269,0.343404569,0.358517812
15001,0,0,0,,,0,0,,,,,,,,238.7918312,242.4456477,250.9811208,260.0455665,243.5919894,0.00328131,0.024292726,0.059160095,0.174364418,0.155683009,0.180251475
15002,0,0,0,,,0,0,,,,,,,,292.763665,297.4937811,329.9373114,300.3980759,276.7909188,0.003078045,0.003078045,0.002956543,0.085172735,0.085172735,0.085334737
15003,4,4909,0,,,0,,,,,,,,,206.0801242,246.8208084,280.7822554,302.8702787,330.9377747,0.004508519,0.00578768,0.00576671,0.155019659,0.162034076,0.087454784
15004,0,0,5,1962,2007,337630000,0.952738386,0.3,0.4,0,0.1,0,0.1,0,664.8177491,649.9123149,663.7791762,649.212202,652.6740081,0.000510055,0.014900904,0.038436316,0.019673565,0.026486447,0.031696298
15005,7,72981,0,,,0,,,,,,,,,164.6496252,166.9833629,172.8316043,186.5554519,199.8913027,0.003784281,0.005995489,0.006648463,0.000860738,0.000860738,0.000823638
15006,0,0,6,1957,1971,883470000,0.472948359,0.4,0.6,0,0,0,0,0,85.54822816,89.62284767,88.38920272,84.09441333,73.62725081,0,0.004430924,0.008828781,0.15309834,0.130646121,0.130778388
15007,0,0,0,,,0,0,,,,,,,,655.8707976,640.5078473,647.1937937,609.3512995,635.4949919,0.014728015,0.025317136,0.031229843,0.012058339,0.012058339,0.010087436
15008,0,0,0,,,0,0,,,,,,,,179.8830998,189.3325011,191.0921042,204.1184316,221.0936051,0.003786317,0.012243829,0.021796905,0.05252386,0.038919605,0.036180696
15009,0,0,0,,,0,0,,,,,,,,158.7978072,160.842223,173.6482611,164.0305492,162.309488,0.005153574,0.011709704,0.022897527,0.021919,0.01268823,0.011753194
15010,4,2045.28,0,,,0,0,,,,,,,,109.7983954,107.98335,105.7922184,115.2605277,116.0501849,0.001626613,0.007048658,0.009217476,0.217703851,0.119617309,0.119354952
15011,0,0,4,1988,2009,1200896037,0.622064522,0.25,0.75,0,0,0,0,0,358.3203199,370.0166863,397.9685627,382.600819,355.8515799,0,0.002192926,0.002296122,0.024122185,0.024122185,0.024122185
15012,0,0,0,,,0,0,,,,,,,,643.7281713,648.3856359,653.0606867,629.3399887,625.4234518,0.022295028,0.022376596,0.033605677,0.000829266,0.000829266,0.00303158
15013,0,0,0,,,0,0,,,,,,,,830.6066921,879.9559468,930.142553,1001.340027,1099.686859,0.002391925,0.002391925,0.002391925,0.035766167,0.035753644,0.033499474
15014,0,0,0,,,0,0,,,,,,,,514.0396968,514.4713731,521.5616714,518.5376493,521.6040111,0.008884168,0.008948546,0.014098788,0.011652423,0.011716801,0.008755412
15015,4,5743,4,1964,1971,101438000,,0.5,0,0,0.25,0,0.125,0,579.2383769,624.5965392,650.2460018,659.7992464,675.7067911,0.001759178,0.001786954,0.00269432,0.227619092,0.223998889,0.265617333
15016,11,8548,12,1956,2007,754340400,0.147644606,0.4,0.2,0,0.16,0,0.12,0,666.3022965,719.6994602,771.5767672,810.0262464,842.4517701,0.005844055,0.008129088,0.010634652,0.233714681,0.236815677,0.2072222
15017,3,33.75,4,1965,1966,101935000,0.023269902,,,,,,,,400.4536701,419.7996136,444.8037381,455.9660477,473.8569431,0.002814634,0.002741463,0.002726829,0.017458537,0.017604878,0.01684878
15018,6,1208.42,8,1906,1976,383313762.8,2.98666489,0.571428571,0.428571429,0,0,0,0,0,616.6822951,648.3106552,718.7963221,675.4942951,730.6567075,0.005868703,0.005868703,0.005612369,0.076832789,0.076832789,0.076239173
15019,9,1187.82,11,1966,2005,967473000,0.25704452,0.090909091,0.909090909,0,0,0,0,0,357.828447,349.6473108,341.3255909,337.9192296,333.3756164,0.007702477,0.013038675,0.017741049,0.004611828,0.004611828,0.004563536
15020,6,0,7,1956,2007,582030000,0.749927829,0.3125,0.3125,0,0.125,0,0.125,0,602.2759083,661.6530848,728.4660915,779.3517051,826.7089909,0.0113087,0.016079225,0.020963334,0.302509495,0.310552657,0.228573457
15021,15,4343.13,17,1895,1997,9434292000,1.349736228,0.208333333,0.666666667,0,0,0.041666667,0,0.041666667,203.6846797,199.7984247,195.2711217,193.2610396,195.8014442,0.002112237,0.002114637,0.002131439,0.004634919,0.004634919,0.004610916
15022,1,433,1,1986,1986,524000000,0.367663754,0.25,0.25,0,0,0,0.25,0,371.1758764,378.5642635,386.4015105,390.5187436,399.6149227,0.022253231,0.033147278,0.041446338,0.007972647,0.007972647,0.007442225
15023,0,0,1,1979,1979,97500000,0.025819032,1,0,0,0,0,0,0,235.1830482,248.4445971,263.6528334,234.8814433,208.2188549,0.008406328,0.01213112,0.011991789,0.022404488,0.012892798,0.014917748
15024,1,0,1,1983,1983,70872400,0.040568296,1,0,0,0,0,0,0,521.8103748,553.7417026,583.7043517,631.1976865,681.6993054,0,0,0,0.076552549,0.076541773,0.075862886
15025,0,0,0,,,0,,,,,,,,,87.9331997,81.81238167,71.43165729,82.75351623,96.86242253,0.002693972,0.016176602,0.028842103,0.050010852,0.042465176,0.033668271
15026,2,499.13,2,1976,1994,2033600000,0.41058919,0.25,0.5,0,0,0,0.25,0,580.0481953,599.3029742,614.9850696,625.3664046,631.0117358,0.022459161,0.022694159,0.03032826,0.041896909,0.040157919,0.038022788
15027,5,0,7,1906,1976,301526762.8,,0.5,0.5,0,0,0,0,0,360.3967725,380.2666992,436.6642036,402.1831365,472.2546595,0.001401694,0.001401694,0.001401694,0.018097433,0.018097433,0.017630202
15028,1,0,2,1952,1972,180477000,,0.5,0.5,0,0,0,0,0,337.6387069,331.0941036,384.3981149,318.9555097,413.5727118,0.000890571,0.000890571,0.000853464,0.02441649,0.02441649,0.02441649
15029,0,0,0,,,0,,,,,,,,,257.9372266,302.776083,304.6447684,220.4155267,198.3444604,0,0,0.004119464,0,0,0
15030,0,0,0,,,0,0,,,,,,,,288.6485781,290.4832513,290.5630686,278.9079202,277.5879745,0.03371267,0.062424271,0.065691003,0.033011808,0.030077689,0.031621962
15031,2,0,1,1895,1895,443230000,2.696234547,0.5,0.5,0,0,0,0,0,85.68725401,85.63155519,78.12292243,90.51175971,93.95211628,0,0,0,0,0,0
15032,0,0,0,,,0,0,,,,,,,,116.1292208,115.2108683,114.878448,123.5241406,128.7234757,0.006523248,0.006523248,0.006689799,0.350284525,0.341068702,0.344594032
16001,2,2627,5,1980,1982,147340000,0.222663272,1,0,0,0,0,0,0,240.4832262,253.0101075,261.8875202,282.1633006,299.429253,0.002822845,0.002822845,0.00277564,0.439745472,0.431645133,0.415897622
16002,4,304.9,7,1974,2000,228427329,,1,0,0,0,0,0,0,120.8080766,129.3191942,137.7818685,146.0588285,154.0847076,0.001290736,0.00140565,0.001588282,0.258710414,0.326451462,0.374344115
16003,1,0,1,1983,1983,670000,,1,0,0,0,0,0,0,75.01440872,84.07191689,91.16582525,96.92330676,105.4924723,0.000764973,0.000920506,0.001183962,0.209335839,0.29051815,0.303189396
16004,3,0,3,1983,1998,217560000,0.07700407,1,0,0,0,0,0,0,87.59996665,95.52229943,103.0783328,110.0282614,117.4894397,0.000470833,0.000540744,0.000657739,0.200801557,0.285227555,0.328949358
16005,0,0,1,1993,1993,2240000,,1,0,0,0,0,0,0,130.8665908,139.4157598,148.4821646,160.842705,173.7789254,0.007349957,0.00857495,0.00885168,0.286485968,0.323468206,0.342747083
16006,2,2920.99,2,,,152617000,,1,0,0,0,0,0,0,86.45834686,92.39791391,100.3282456,109.258324,115.7818477,0.000121487,0.000662654,0.00237451,0.179623392,0.229167817,0.225114584
16007,4,0,6,1974,2000,228410000,0.082560507,1,0,0,0,0,0,0,93.22213992,101.2558469,109.4676776,116.533023,123.8251007,0.000787646,0.000848907,0.00097518,0.225858034,0.303437386,0.347979376
16008,0,0,0,,,0,,,,,,,,,111.0654002,133.796739,148.4697563,155.4124988,165.3413214,0.002229025,0.00268223,0.003449902,0.411722269,0.486630472,0.489701163
16009,0,0,0,,,0,,,,,,,,,117.7683216,139.4773007,154.8880486,141.8764147,137.2934693,0,0,0,0.263115021,0.33338764,0.510752688
16010,1,210,6,1500,1978,130314000,,1,0,0,0,0,0,0,120.0933049,125.9494018,132.4979733,138.9777028,145.7054614,0.001887846,0.001887846,0.002544918,0.405084183,0.408671937,0.412983178
16011,0,0,0,,,0,,,,,,,,,101.5003606,110.897391,110.2937111,137.9496802,139.9639563,0,0,0,0.386728161,0.454119915,0.502787912
16012,11,9938.53,15,1894,2003,237814000,0.102040912,0.555555556,0,0,0.222222222,0,0.037037037,0.037037037,232.389977,245.9960887,260.7295594,277.2467489,294.5940933,0.003160898,0.003160898,0.003648603,0.432025151,0.456400535,0.465956737
16013,1,0,1,1896,1896,49750000,,0.5,0,0,0,0,0,0,91.85607463,95.00883254,100.9229035,109.724561,117.2703323,0.000893693,0.000893693,0.000905852,0.22823219,0.28552582,0.303338886
16014,5,3875,8,1908,2007,419497000,0.167823821,0.857142857,0.142857143,0,0,0,0,0,224.4014931,232.3137771,240.7186581,251.1010334,261.8554061,0.003308286,0.00379264,0.004065499,0.459702791,0.485574052,0.492208158
16015,0,0,0,,,0,,,,,,,,,107.0496398,112.2357826,118.3459306,125.4467655,131.736267,0.00061827,0.00061827,0.000640835,0.53629742,0.550061827,0.556641665
17001,0,0,0,,,0,0,,,,,,,,173.3616623,187.7767281,223.8707626,228.8966885,250.164699,0,0,0,0.147141962,0.215261436,0.253804915
17002,1,47.99,5,1997,2001,15095710,0.115233178,1,0,0,0,0,0,0,401.7965273,424.2017478,449.8092154,475.5385115,503.8861719,0.010251086,0.010251086,0.010274973,0.529348535,0.533149283,0.51979292
17003,0,0,0,,,0,0,,,,,,,,354.8484963,376.4979627,395.6694122,419.3576004,440.6753981,0.005829851,0.005829851,0.005991791,0.651062266,0.662152062,0.635824307
17004,0,0,0,,,0,,,,,,,,,415.5092713,455.1916678,523.8520788,619.0500401,709.4024435,0.030419394,0.030419394,0.030686523,0.632095632,0.632095632,0.625584346
17005,3,908.264,8,1997,2009,45513710,0.211165803,1,0,0,0,0,0,0,397.5182364,424.5935278,456.5178984,489.4046305,524.6760404,0.009322555,0.009322555,0.009414562,0.564542241,0.567062987,0.55422528
17006,2,315.54,5,1940,1996,27011000,0.04737837,0.833333333,0,0,0,0,0,0,904.2941543,1026.869339,1205.734017,1417.503827,1669.526829,0.059359515,0.066554137,0.081106542,0.515639173,0.588958664,0.481625938
17007,0,0,7,1976,2004,33724237.05,0.789358228,1,0,0,0,0,0,0,426.2218934,450.07905,474.175522,502.7314281,530.212303,0.004790597,0.007980919,0.019901172,0.245299515,0.334613212,0.525061161
17008,0,0,0,,,0,,,,,,,,,155.0512171,144.2355552,211.2396027,196.3196765,239.9218267,0,0,0,0.447955669,0.447955669,0.455743597
17009,5,5071.52,5,1923,1993,122720195.8,0.358417591,0.833333333,0,0,0,0,0,0.166666667,297.7224023,316.5913941,335.8692572,358.7403902,382.0985339,0.004887575,0.004887575,0.005001143,0.542285346,0.570191196,0.585978519
17010,0,0,0,,,0,,,,,,,,,360.8013442,396.633231,414.3186557,452.9012638,490.8722057,0.001623377,0.001623377,0.001644737,0.790178571,0.790178571,0.785543404
17011,7,12001,11,1942,2003,911266500,1.632550877,0.583333333,0.333333333,0,0,0,0,0,448.1105154,477.3929639,509.472717,542.0845836,577.8501117,0.00852953,0.014316974,0.023132928,0.135002454,0.323599841,0.358596187
17012,4,332.285,10,1922,2011,58591416.28,0.201011904,0.545454545,0,0,0,0,0,0,365.3979357,384.4559185,406.355764,428.6518419,454.5468094,0.01187945,0.012229694,0.016877637,0.347693335,0.346362408,0.340589564
17013,1,0,1,,,992000,,1,0,0,0,0,0,0,273.2450007,287.5317871,301.7046777,316.2021136,331.1912206,0.005968796,0.005968796,0.005698802,0.555898405,0.555898405,0.54311226
17014,0,0,1,1960,1960,6971000,,1,0,0,0,0,0,0,105.7700463,113.9990261,121.5565036,123.9250116,130.9724627,0.002503792,0.002503792,0.002696391,0.334400655,0.331511664,0.334111756
17015,6,2317,12,1958,2009,216136110,2.076278249,0.538461538,0.461538462,0,0,0,0,0,490.2623037,522.8583063,557.5193041,606.6828351,651.8291807,0.007740153,0.013205908,0.017747849,0.2905094,0.229129781,0.413561722
17016,0,0,0,,,0,,,,,,,,,323.9083932,337.816451,351.5260976,364.9138036,389.175142,0.005216345,0.008727346,0.015398248,0.58598609,0.511770213,0.717213937
17017,2,199.1,5,1958,1980,58742016,,1,0,0,0,0,0,0,290.7477812,308.9633307,332.7103527,365.3574585,386.3741528,0.004194936,0.004194936,0.004070773,0.498842623,0.49440823,0.492758636
17018,0,0,0,,,0,,,,,,,,,1473.540601,1676.27536,2000.292654,2395.666089,2854.952173,0.109144799,0.124068072,0.153798708,0.423734006,0.531314034,0.36368491
17019,4,0,6,1958,2004,18506430,0.031660333,0.166666667,0.833333333,0,0,0,0,0,451.0349791,478.1910774,506.3751752,539.7448285,569.5236972,0.008565373,0.011978367,0.017152671,0.25983337,0.163136739,0.348278886
17020,0,0,0,,,0,,,,,,,,,378.356724,417.8885524,475.1670558,515.438632,542.4787515,0.004337153,0.004337153,0.004388029,0.646541088,0.650496674,0.643246887
17021,1,0,1,,,992000,,1,0,0,0,0,0,0,270.5933189,286.1373231,303.3151456,321.4652446,340.4606917,0.005087042,0.005087042,0.004853014,0.576211201,0.576211201,0.564788964
17022,7,2343,12,1940,2007,333259000,1.030649478,0.705882353,0.058823529,0,0.058823529,0,0,0.117647059,588.130591,657.1406525,752.6913089,864.8163196,997.9531362,0.028910909,0.032083734,0.038578431,0.527578049,0.559911908,0.509551881
17023,4,0,10,1922,2011,58591416.28,,0.545454545,0,0,0,0,0,0,412.4365016,436.2564521,460.211102,483.2093354,514.7555013,0.014667747,0.015129851,0.02121876,0.300389799,0.298329356,0.294578153
17024,7,0,12,1940,2007,333259000,0.942509497,0.705882353,0.058823529,0,0.058823529,0,0,0.117647059,574.8157178,638.4783128,726.1523184,829.2719764,951.1120338,0.026404193,0.029153424,0.034850804,0.547617952,0.575635017,0.53060152
17025,0,0,0,,,0,,,,,,,,,215.6707086,222.7483535,247.691644,257.4445621,291.4375654,0.002446882,0.002446882,0.002683067,0.475365851,0.475365851,0.501875313
