gauge_id,soil_depth,soil_conductivity_top,soil_conductivity_sub,soil_awc_top,soil_awc_sub,soil_awsc_min,soil_awsc_max,soil_awsc_major,sand_frac_top,sand_frac_sub,silt_frac_top,silt_frac_sub,clay_frac_top,clay_frac_sub,gravel_frac_top,gravel_frac_sub,bulkdens_top_major,bulkdense_top_mean,bulkdens_sub_major,bulkdens_sub_mean,org_carb_top_major,org_carb_top_mean,org_carb_sub_major,org_carb_sub_mean,organic_frac_top,organic_frac_sub,hsg_major,wtd
03001,2.019,16.89431509,5.561284166,0.230875529,0.244025084,125,150,150,47,39,29,27,24,34,9,8,1.39,1.335254237,1.33,1.291355932,0.86,0.969491525,0.38,0.460508475,0.025311467,0.010603097,C,-1.516434093
03002,1.230545152,11.61800458,4.103030655,0.228572654,0.23985179,150,150,150,79,68,11,10,10,22,7,4,1.59,1.59,1.45,1.45,0.53,0.53,0.3,0.3,0.022702837,0.009654721,C/D,-0.895145957
03003,3.798064516,8.014950703,3.290942658,0.201249292,0.207014799,25,125,125,16,15,29,28,55,57,4,5,1.21,1.283636364,1.21,1.21,0.75,1.015909091,0.45,0.265909091,0.020118286,0.008791865,D,-0.878572906
03004,1.44019693,6.556676794,3.482398968,0.198711589,0.199240303,125,150,125,16,15,29,28,55,57,4,5,1.21,1.213298969,1.21,1.211649485,0.75,0.78628866,0.45,0.45,0.016884786,0.010330356,D,-1.366150851
03005,3.750493971,6.795325139,2.955743283,0.19661467,0.195693625,25,150,125,16,15,29,28,55,57,4,5,1.21,1.273247911,1.21,1.218816101,0.75,0.956512535,0.45,0.320389972,0.020041878,0.007881991,D,-0.098990671
03006,1.538235294,6.089681236,2.373490607,0.190186107,0.183009256,25,125,125,16,15,29,28,55,57,4,5,1.21,1.219473684,1.21,1.21,0.75,0.784210526,0.45,0.426315789,0.017869624,0.007889889,D,-2.092474892
03007,1.792919048,6.007892739,2.347514784,0.190285845,0.184326117,25,125,125,16,15,29,28,55,57,4,5,1.21,1.234196721,1.21,1.21,0.75,0.837377049,0.45,0.389508197,0.02171475,0.008029545,D,-0.417549471
03008,2.611732908,8.152887028,3.780944487,0.197109513,0.194444501,25,150,125,16,15,29,28,55,57,4,5,1.21,1.25834891,1.21,1.232137931,0.75,0.874087227,0.45,0.409426791,0.016114092,0.00723606,D,-0.091358628
03009,1.435415868,10.80440007,4.368577098,0.204403291,0.205039382,125,150,125,21,18,28,28,51,54,5,5,1.23,1.220277778,1.22,1.215138889,0.97,0.863055556,0.45,0.45,0.01703139,0.008369872,C,-1.220475747
03010,3.789519233,9.960672886,4.024779133,0.210223332,0.212562345,25,150,125,16,15,29,28,55,57,4,5,1.21,1.307922554,1.21,1.267657668,0.75,0.885512847,0.45,0.391578233,0.019771716,0.00885004,D,-0.025064339
03011,1.311717861,9.792451448,4.287081385,0.208998603,0.210189257,125,150,150,47,39,29,27,24,34,9,8,1.39,1.36875,1.33,1.315,0.86,0.9025,0.38,0.41125,0.018229975,0.009040768,C,-2.110776681
03012,2.53404458,6.254690158,2.437577929,0.193235992,0.189434271,25,150,125,16,15,29,28,55,57,4,5,1.21,1.261587517,1.21,1.221856899,0.75,0.873636364,0.45,0.352510176,0.021112692,0.00810038,D,-0.227789193
03013,4.385316456,8.3316246,3.67640341,0.213247774,0.21100175,125,150,150,47,39,29,27,24,34,9,8,1.39,1.377636364,1.33,1.321272727,0.86,0.884727273,0.38,0.398181818,0.021743015,0.008641142,D,-1.363499504
03014,1.955931662,5.83445953,2.754328894,0.195200393,0.187543885,25,125,125,16,15,29,28,55,57,4,5,1.21,1.255780347,1.21,1.212706767,0.75,0.946069364,0.45,0.345953757,0.016045611,0.006413868,D,-0.541485631
03015,1.153383459,3.94184704,1.936200293,0.193711335,0.186168685,25,25,25,43,0,34,0,23,0,26,0,1.39,1.39,1.21,1.21,1.4,1.4,0,0,0.019891296,0.006570754,D,-2.538341706
03016,1.648738432,5.074869412,2.673135729,0.194321531,0.190485074,25,150,125,16,15,29,28,55,57,4,5,1.21,1.270730337,1.21,1.211541667,0.75,0.984662921,0.45,0.303370787,0.019181802,0.007311392,D,-0.437665243
03017,1.174319066,11.77083012,3.996230286,0.228418916,0.237775545,150,150,150,79,68,11,10,10,22,7,4,1.59,1.59,1.45,1.45,0.53,0.53,0.3,0.3,0.022231584,0.009198221,C/D,-3.087911394
03018,1.780813927,12.11851305,4.176134565,0.234406933,0.24469977,25,150,150,79,68,11,10,10,22,7,4,1.59,1.557483871,1.45,1.440452962,0.53,0.614193548,0.3,0.275548387,0.025245705,0.010628702,C,-0.358396832
03019,1.334456613,12.48132708,4.86601617,0.206575356,0.21052653,125,150,150,21,18,28,28,51,54,5,5,1.23,1.225223881,1.22,1.21761194,0.97,0.917462687,0.45,0.45,0.017601217,0.008326878,C,-1.365900681
03020,1.804956014,8.527885281,3.66008193,0.21159166,0.215844699,50,150,125,16,15,29,28,55,57,4,5,1.21,1.247988722,1.21,1.243731203,0.75,0.907349624,0.45,0.468552632,0.017827406,0.008599711,D,-0.166479169
03021,1.16481069,7.504755103,2.775329798,0.238655288,0.249671746,50,150,50,49,38,28,23,23,39,10,5,1.4,1.4,1.31,1.315384615,0.58,0.612307692,0.4,0.4,0.029686769,0.012212013,D,-4.098666788
03022,3.876962574,10.44839845,4.12793017,0.213805353,0.217358544,25,150,125,16,15,29,28,55,57,4,5,1.21,1.328753533,1.21,1.283752757,0.75,0.859765823,0.45,0.383396972,0.020799862,0.009188364,C,-0.025466292
03023,3.768738993,9.945910836,4.020988249,0.210151189,0.212466851,25,150,125,16,15,29,28,55,57,4,5,1.21,1.308027696,1.21,1.267729314,0.75,0.884969113,0.45,0.391161135,0.019759314,0.008845652,D,-0.025056827
03024,1.690381332,11.76739454,5.066202338,0.217933247,0.219641942,125,150,125,20,20,24,22,56,58,2,4,1.22,1.232830189,1.21,1.219056604,1.2,1.174339623,0.63,0.611132075,0.017835257,0.007467895,C/D,-2.193312257
03025,1.784720216,8.574586308,3.693744438,0.210727115,0.214672611,50,150,125,16,15,29,28,55,57,4,5,1.21,1.245262705,1.21,1.241136951,0.75,0.89913006,0.45,0.467002584,0.017680966,0.008571877,D,-0.149832786
03026,1.414965986,8.144352485,3.404235782,0.220229882,0.229145903,50,150,125,49,38,28,23,23,39,10,5,1.4,1.318571429,1.31,1.267142857,0.58,0.652857143,0.4,0.421428571,0.025371069,0.01010621,D,-3.784083224
03027,2.513789581,15.74189038,5.356375827,0.231170523,0.232798511,150,150,150,47,39,29,27,24,34,9,8,1.39,1.39,1.33,1.33,0.86,0.86,0.38,0.38,0.025892956,0.011506938,C,-2.346617754
03028,2.200939457,7.110031245,3.303502394,0.194915225,0.188592921,25,150,125,16,15,29,28,55,57,4,5,1.21,1.250043541,1.21,1.211970803,0.75,0.922249637,0.45,0.368011611,0.015299102,0.006448727,D,-0.148245618
03029,1.78638492,8.566849488,3.691248425,0.210827734,0.214799173,50,150,125,16,15,29,28,55,57,4,5,1.21,1.245476603,1.21,1.241325823,0.75,0.900034662,0.45,0.467105719,0.017700682,0.008580069,D,-0.150406271
03030,1.743386859,6.685943174,3.071089135,0.195612705,0.18785631,25,150,125,16,15,29,28,55,57,4,5,1.21,1.240422535,1.21,1.212772277,0.75,0.868760563,0.45,0.383295775,0.014869009,0.006238748,D,-0.292845741
03031,2.030496532,13.29492581,4.415606574,0.238609529,0.249355079,150,150,150,79,69,7,10,12,23,10,10,1.56,1.546929134,1.44,1.428385827,0.53,0.578070866,0.26,0.294724409,0.025360862,0.00954588,C,-0.897086864
03032,1.765704024,8.84004548,3.765563647,0.214463481,0.220228098,50,150,125,16,15,29,28,55,57,4,5,1.21,1.260129534,1.21,1.255375648,0.75,0.942357513,0.45,0.475569948,0.018241858,0.008657825,D,-0.2488129
03033,1.110408765,13.54074147,4.417026262,0.259994146,0.279496998,150,150,150,81,69,7,8,12,23,10,10,1.56,1.56,1.44,1.44,0.53,0.53,0.26,0.26,0.034104546,0.014570593,C,-4.535888313
03034,1.754316069,14.28467414,5.955460915,0.223699881,0.22565074,125,150,125,20,20,24,22,56,58,2,4,1.22,1.256956522,1.21,1.236086957,1.2,1.126086957,0.63,0.575652174,0.018776158,0.008017972,C,-2.098378606
03035,1.369089178,14.12626564,4.642848665,0.25023876,0.268156287,150,150,150,81,69,7,8,12,23,10,10,1.56,1.564318182,1.44,1.445227273,0.53,0.523181818,0.26,0.267272727,0.029154401,0.011788008,C,-2.782256683
03036,3.668925554,9.471291966,3.958136525,0.204455988,0.204957051,25,150,125,16,15,29,28,55,57,4,5,1.21,1.266698966,1.21,1.239816631,0.75,0.903524939,0.45,0.417248357,0.017978686,0.008113341,D,-0.02756946
03037,2.115788338,8.69184851,4.066347668,0.198564954,0.1983885,100,150,125,16,15,29,28,55,57,4,5,1.21,1.265989717,1.21,1.247249357,0.75,0.789023136,0.45,0.42840617,0.01666149,0.007950275,C,-0.215121816
03038,1.450296398,6.583948882,3.42375458,0.197464273,0.196987073,125,150,125,16,15,29,28,55,57,4,5,1.21,1.212580645,1.21,1.211290323,0.75,0.778387097,0.45,0.45,0.016639052,0.009856686,D,-0.978706253
03039,1.742888244,6.76028909,3.103657343,0.19567802,0.18807623,25,150,125,16,15,29,28,55,57,4,5,1.21,1.239291339,1.21,1.213282675,0.75,0.861233596,0.45,0.387480315,0.014884216,0.006284179,D,-0.255022725
03040,1.802849741,6.589595868,2.670101024,0.191409419,0.184475753,25,125,125,16,15,29,28,55,57,4,5,1.21,1.213302752,1.21,1.21,0.75,0.761926606,0.45,0.441743119,0.019469641,0.007678467,D,-0.791065859
03041,1.157512953,14.26643765,4.960097627,0.235977877,0.246798209,150,150,150,79,70,10,10,11,20,4,8,1.57,1.576666667,1.46,1.456666667,0.5,0.51,0.28,0.286666667,0.025976426,0.010601365,C,-3.199899368
03042,1.242908716,11.28222369,3.947079639,0.227611056,0.238584552,150,150,150,79,68,11,10,10,22,7,4,1.59,1.59,1.45,1.45,0.53,0.53,0.3,0.3,0.022330373,0.011306829,C/D,-1.759514521
03043,3.825011559,10.42260393,4.123374857,0.213331058,0.216743394,25,150,125,16,15,29,28,55,57,4,5,1.21,1.326664124,1.21,1.282099436,0.75,0.862783436,0.45,0.384226559,0.020626613,0.009128968,C,-0.025106612
03044,1.437302935,5.35333808,2.544340871,0.195821639,0.193314509,25,150,125,16,15,29,28,55,57,4,5,1.21,1.228813559,1.21,1.211944444,0.75,0.844237288,0.45,0.411864407,0.020705875,0.008113444,D,-0.991566891
03045,2.806883519,14.75410996,4.990978209,0.247452651,0.262699952,125,150,150,79,69,7,10,12,23,10,10,1.56,1.570373027,1.44,1.449268293,0.53,0.51954089,0.26,0.27615495,0.030244353,0.012376322,C,-0.588009304
03046,1.445335778,7.968462524,3.482640702,0.214428373,0.220145399,50,150,125,16,15,29,28,55,57,4,5,1.21,1.283415638,1.21,1.264197531,0.75,0.865226337,0.45,0.459876543,0.019307175,0.008450975,D,-0.635736766
03047,1.235634959,12.44982911,4.216971963,0.227862195,0.234266143,150,150,150,79,68,11,10,10,22,7,4,1.59,1.541724138,1.45,1.421034483,0.53,0.609655172,0.3,0.319310345,0.02236233,0.009122186,C,-1.174853495
03048,1.736550038,5.965686731,2.33068551,0.19029348,0.184216555,25,125,125,16,15,29,28,55,57,4,5,1.21,1.234080268,1.21,1.21,0.75,0.836956522,0.45,0.389799331,0.021808495,0.008053358,D,-0.430109572
03049,3.829309491,10.08850635,4.054287474,0.210679032,0.213186055,25,150,125,16,15,29,28,55,57,4,5,1.21,1.308422784,1.21,1.268027321,0.75,0.887833761,0.45,0.392151873,0.019867745,0.008870824,D,-0.024634688
03050,1.042363434,11.84619681,3.947240372,0.264320413,0.283783856,150,150,150,81,69,7,8,12,23,10,10,1.56,1.56,1.44,1.44,0.53,0.53,0.26,0.26,0.034507093,0.013324785,C,-8.585140546
03051,1.643415906,6.884433802,3.266245923,0.213979745,0.218378708,125,150,125,21,18,28,28,51,54,5,5,1.23,1.220952381,1.22,1.21547619,0.97,0.87047619,0.45,0.45,0.016559367,0.008373168,D,-4.469326354
03052,1.256017505,5.177306907,2.618151193,0.192229575,0.18703351,25,125,25,43,0,34,0,23,0,26,0,1.39,1.307297297,1.21,1.21,1.4,1.101351351,0,0.206756757,0.01620393,0.006560245,D,-2.826898729
03053,1.594291539,8.377619815,4.033797731,0.198068714,0.198083945,100,150,150,47,39,29,27,24,34,9,8,1.39,1.328867925,1.33,1.289245283,0.86,0.822641509,0.38,0.403773585,0.017584728,0.007876301,C,-1.671793313
03054,1.929798132,6.206042826,2.413884304,0.193732282,0.189912653,25,150,125,16,15,29,28,55,57,4,5,1.21,1.26235474,1.21,1.223257143,0.75,0.868455657,0.45,0.354587156,0.021577172,0.008189491,D,-0.262085584
03055,2.945181965,10.82044303,4.374306931,0.209242895,0.211747138,50,150,125,16,15,29,28,55,57,4,5,1.21,1.249066013,1.21,1.237665033,0.75,0.871333142,0.45,0.460622133,0.017196305,0.008337123,C,-0.057915961
03056,1.73822563,7.452358873,3.595720421,0.193415568,0.192070384,125,150,125,16,15,29,28,55,57,4,5,1.21,1.217733333,1.21,1.215066667,0.75,0.760266667,0.45,0.4472,0.015117644,0.007502273,D,-0.972945362
03057,1.857637372,11.9385006,4.185650408,0.235973486,0.246535615,25,150,150,79,68,11,10,10,22,7,4,1.59,1.550120337,1.45,1.443849315,0.53,0.646823105,0.3,0.259518652,0.02639274,0.011426289,C,-0.319128697
03058,1.889314839,5.100091682,2.649485251,0.193680017,0.189274467,25,150,125,16,15,29,28,55,57,4,5,1.21,1.265434243,1.21,1.21130742,0.75,0.963746898,0.45,0.316004963,0.018695511,0.007157038,D,-0.387588574
03059,2.399327166,8.797356349,4.098751668,0.198804436,0.198795859,100,150,125,16,15,29,28,55,57,4,5,1.21,1.266791315,1.21,1.247563329,0.75,0.804209891,0.45,0.434294331,0.016762609,0.007933807,C,-0.185899766
03060,2.015796571,14.4594066,5.63882856,0.209719184,0.212600535,25,150,150,47,39,29,27,24,34,9,8,1.39,1.368235294,1.33,1.313616236,0.86,0.93716263,0.38,0.3883391,0.017751933,0.009969606,C/D,-0.604148366
03061,2.055126792,7.913128657,3.727818112,0.194122644,0.188410969,25,125,125,16,15,29,28,55,57,4,5,1.21,1.251538462,1.21,1.21,0.75,0.9,0.45,0.346153846,0.015157469,0.006714178,D,-0.792183439
03062,1.834242838,6.048786905,2.257120064,0.178203901,0.168307056,125,125,125,16,15,29,28,55,57,4,5,1.21,1.21,1.21,1.21,0.75,0.75,0.45,0.45,0.01965525,0.007102157,D,-1.883940707
03063,1.768161274,8.43811285,3.781403119,0.207807588,0.210546999,50,150,125,16,15,29,28,55,57,4,5,1.21,1.237158837,1.21,1.23283557,0.75,0.863383669,0.45,0.459904922,0.016995866,0.008392001,D,-0.108446211
03064,2.001569038,5.997439876,3.070005572,0.19304477,0.186937477,25,125,125,16,15,29,28,55,57,4,5,1.21,1.289875,1.21,1.21,0.75,1.0384375,0.45,0.2503125,0.016781297,0.006429012,D,-0.428470236
03065,1.396486826,7.707269452,3.290709164,0.217541803,0.222042407,50,150,125,49,38,28,23,23,39,10,5,1.4,1.32875,1.31,1.2725,0.58,0.64375,0.4,0.41875,0.02391508,0.009431192,D,-3.3659934
03066,2.530511775,14.94992042,5.23551451,0.207865526,0.211409224,50,150,125,16,15,29,28,55,57,4,5,1.21,1.260810093,1.21,1.243532537,0.75,0.792879789,0.45,0.431717305,0.016513711,0.008593336,C,-0.178829499
03067,1.514471243,7.361519927,3.272970818,0.216163972,0.219760587,50,150,125,16,15,29,28,55,57,4,5,1.21,1.307171053,1.21,1.275,0.75,0.807302632,0.45,0.446118421,0.021509213,0.008760265,D,-0.963281546
03068,1.648511577,14.35057105,4.819316521,0.247992395,0.263294941,150,150,150,81,69,7,8,12,23,10,10,1.56,1.561111111,1.44,1.44031746,0.53,0.533809524,0.26,0.267301587,0.028349158,0.010305934,C,-2.427643531
03069,1.190247453,9.749212057,4.183846899,0.219740171,0.230088079,125,150,150,39,43,38,35,23,22,7,3,1.38,1.313802083,1.4,1.321979167,1.83,1.320208333,0.64,0.541302083,0.020621533,0.009649933,C,-0.829498112
03070,1.900217101,6.963925727,3.249373634,0.194944071,0.188395101,25,150,125,16,15,29,28,55,57,4,5,1.21,1.251312217,1.21,1.212068966,0.75,0.915429864,0.45,0.359366516,0.015331531,0.006466627,D,-0.156588485
03071,2.518205367,11.03869382,3.968048901,0.233300202,0.24277354,25,150,150,79,68,11,10,10,22,7,4,1.59,1.519091586,1.45,1.432788921,0.53,0.756634401,0.3,0.244951601,0.027225282,0.011849321,D,-0.204215986
03072,2.7122133,5.904816566,2.544215792,0.193136605,0.188628166,25,150,125,16,15,29,28,55,57,4,5,1.21,1.263106181,1.21,1.217675393,0.75,0.90951664,0.45,0.337083994,0.019844708,0.007617778,D,-0.140651446
03073,3.627062876,9.742901882,3.968127711,0.209120768,0.211048165,25,150,125,16,15,29,28,55,57,4,5,1.21,1.304661597,1.21,1.265220633,0.75,0.88390503,0.45,0.392079358,0.019460909,0.008718803,D,-0.025312832
03074,1.871447847,8.582085447,4.021389217,0.198268881,0.19801421,100,150,125,16,15,29,28,55,57,4,5,1.21,1.265,1.21,1.246578947,0.75,0.789078947,0.45,0.428815789,0.016512838,0.007974303,C,-0.245576935
03075,3.807952422,10.42769776,4.120596253,0.213633735,0.217119196,25,150,125,16,15,29,28,55,57,4,5,1.21,1.328181129,1.21,1.283239987,0.75,0.860590071,0.45,0.383430733,0.020761731,0.009177322,C,-0.02547508
03076,1.924723757,17.37066548,6.156679963,0.243813043,0.257827794,150,150,150,79,70,10,10,11,20,4,8,1.57,1.574390244,1.46,1.455365854,0.5,0.51097561,0.28,0.283414634,0.028005886,0.010865542,C,-4.174546375
03077,1.109367996,7.949554034,3.331100247,0.222809809,0.232102771,125,150,150,39,43,38,35,23,22,7,3,1.38,1.356065574,1.4,1.364918033,1.83,1.489672131,0.64,0.561639344,0.023195673,0.009396478,D,-1.917579294
03078,2.361809045,10.38614027,4.595597111,0.196840715,0.197435326,125,125,125,20,20,24,22,56,58,2,4,1.22,1.218823529,1.21,1.21,1.2,1.147058824,0.63,0.608823529,0.014890172,0.006617479,C,-1.481645727
03079,1.722077922,7.753627295,3.871782586,0.202763936,0.203407851,125,150,125,16,15,29,28,55,57,4,5,1.21,1.223184358,1.21,1.218212291,0.75,0.794040968,0.45,0.446219739,0.015711841,0.008104897,D,-0.318779202
03080,3.876580642,10.44823871,4.127846843,0.213804845,0.21735799,25,150,125,16,15,29,28,55,57,4,5,1.21,1.328753533,1.21,1.283752757,0.75,0.859765823,0.45,0.383396972,0.020799625,0.0091882,C,-0.025466394
03081,1.32348136,6.813742184,2.582263023,0.206548842,0.206672624,25,150,125,16,15,29,28,55,57,4,5,1.21,1.323544974,1.21,1.263129771,0.75,0.915714286,0.45,0.288888889,0.024330771,0.009694576,D,-0.880409566
03082,1.617858654,8.342547513,3.741220288,0.194116967,0.199066041,25,125,25,43,0,34,0,23,0,26,0,1.39,1.310909091,1.21,1.21,1.4,1.114393939,0,0.197727273,0.017432468,0.007227261,D,-0.793666436
03083,1.264659768,5.106770043,2.488628819,0.196146111,0.194749356,25,150,125,16,15,29,28,55,57,4,5,1.21,1.256292135,1.21,1.2125,0.75,0.945393258,0.45,0.343820225,0.01877639,0.007037848,D,-1.314728829
03084,1.519480519,8.089617977,3.63129052,0.196243467,0.195230975,125,150,125,16,15,29,28,55,57,4,5,1.21,1.277792208,1.21,1.255194805,0.75,0.791428571,0.45,0.423636364,0.015626182,0.006885087,D,-0.958520116
03085,1.850349317,9.844009692,3.523026566,0.210097014,0.213576297,125,150,125,16,15,29,28,55,57,4,5,1.21,1.210687679,1.21,1.21034384,0.75,0.75756447,0.45,0.45,0.016518198,0.009385753,D,-0.352967006
03086,3.379720318,6.296950936,2.744908141,0.195368672,0.192876873,25,150,125,16,15,29,28,55,57,4,5,1.21,1.270564304,1.21,1.21946558,0.75,0.928412073,0.45,0.321850394,0.020100826,0.007846272,D,-0.119615008
03087,2.848137054,8.217030005,3.788738734,0.197385023,0.194808969,25,150,125,16,15,29,28,55,57,4,5,1.21,1.257875303,1.21,1.231923848,0.75,0.882124697,0.45,0.414794189,0.016207238,0.007244672,D,-0.089058528
03088,1.374331551,7.702347056,2.94463159,0.199294809,0.205923415,25,125,125,16,15,29,28,55,57,4,5,1.21,1.261428571,1.21,1.21,0.75,0.935714286,0.45,0.321428571,0.020114702,0.00915583,D,-1.386038985
03089,1.475247525,7.904328928,3.185442911,0.203624636,0.20966904,25,125,125,16,15,29,28,55,57,4,5,1.21,1.292857143,1.21,1.21,0.75,1.049206349,0.45,0.242857143,0.021157431,0.009283881,D,-0.95850673
03090,2.91956598,14.66413124,5.307370052,0.208114743,0.211256415,50,150,125,16,15,29,28,55,57,4,5,1.21,1.251970732,1.21,1.237307317,0.75,0.809834951,0.45,0.43531068,0.016793874,0.008431022,C,-0.155254106
03091,2.954187192,18.10784121,5.681267785,0.233279252,0.244769282,125,150,150,47,39,29,27,24,34,9,8,1.39,1.357758621,1.33,1.307241379,0.86,0.924482759,0.38,0.427413793,0.024296514,0.009216785,C,-2.104555606
03092,1.301015551,13.43006072,4.495034882,0.246364692,0.26121909,150,150,150,79,69,7,10,11,20,4,8,1.56,1.572102273,1.44,1.45,0.53,0.519261364,0.26,0.278522727,0.028214021,0.011465124,C,-1.197269249
03093,1.516300227,5.707685335,2.187166962,0.184688953,0.177635702,25,125,125,16,15,29,28,55,57,4,5,1.21,1.228461538,1.21,1.21,0.75,0.816666667,0.45,0.403846154,0.02000574,0.007345409,D,-1.296799837
03094,1.779910109,5.072308334,2.651424441,0.193927212,0.189778314,25,150,125,16,15,29,28,55,57,4,5,1.21,1.266844784,1.21,1.211355311,0.75,0.969185751,0.45,0.31259542,0.018798166,0.007192976,D,-0.406576348
03095,1.301184433,5.388107703,3.271801136,0.198813733,0.196302185,25,125,25,43,0,34,0,23,0,26,0,1.39,1.315882353,1.21,1.21,1.4,1.132352941,0,0.185294118,0.020238114,0.007743829,D,-1.666473352
03096,2.228569998,11.91086947,4.081399532,0.209534,0.212865214,50,150,125,16,15,29,28,55,57,4,5,1.21,1.228444846,1.21,1.221880651,0.75,0.780994575,0.45,0.447341772,0.016621978,0.008962907,C,-0.228807736
03097,1.055865922,12.06437911,3.580854315,0.263014677,0.283052133,150,150,150,81,69,7,8,12,23,10,10,1.56,1.56,1.44,1.44,0.53,0.53,0.26,0.26,0.034722461,0.015774911,D,-11.33994642
03098,2.402783901,14.27881004,5.37666665,0.216173651,0.218619374,25,150,150,47,39,29,27,24,34,9,8,1.39,1.363935927,1.33,1.310811456,0.86,0.934370709,0.38,0.402677346,0.019341284,0.009899546,C,-0.441353077
03099,1.240196078,11.57524295,4.230555624,0.229288463,0.238473139,150,150,150,79,68,11,10,10,22,7,4,1.59,1.59,1.45,1.45,0.53,0.53,0.3,0.3,0.02325741,0.010320706,C,-1.173605479
03100,2.748855272,10.85439125,4.377051773,0.208270565,0.210746961,50,150,125,16,15,29,28,55,57,4,5,1.21,1.243668293,1.21,1.234770732,0.75,0.847611506,0.45,0.452385262,0.016940116,0.008337792,C,-0.063610269
03101,1.576882994,14.40718449,4.913451907,0.245254537,0.260287844,150,150,150,79,70,10,10,11,20,4,8,1.57,1.57329932,1.46,1.452993197,0.5,0.514591837,0.28,0.281156463,0.028191653,0.011204702,C,-0.78616974
03102,1.354164312,13.95826445,4.73735211,0.246471596,0.261535831,150,150,150,79,70,10,10,11,20,4,8,1.57,1.572398374,1.46,1.452398374,0.53,0.515121951,0.28,0.279837398,0.028549341,0.011488343,C,-0.946001256
03103,4.12252935,7.599471568,3.388028651,0.198215357,0.196653846,25,150,125,16,15,29,28,55,57,4,5,1.21,1.271360726,1.21,1.232159425,0.75,0.925813767,0.45,0.375133404,0.018470847,0.00766684,D,-0.048984764
03104,1.104755341,4.432085265,1.657575254,0.212177506,0.209249949,25,125,125,16,15,29,28,55,57,4,5,1.21,1.278571429,1.21,1.21,0.75,0.997619048,0.45,0.278571429,0.029326403,0.010304536,D,-2.299929192
03105,1.132556131,12.78736796,4.484142017,0.237080409,0.248037508,150,150,150,79,70,10,10,11,20,4,8,1.57,1.576060606,1.46,1.456969697,0.5,0.509090909,0.28,0.286060606,0.02485234,0.009485998,C,-2.55718144
03106,2.155792277,14.58927535,4.903105531,0.249526185,0.264122428,150,150,150,81,69,7,8,12,23,10,10,1.56,1.56,1.44,1.44,0.53,0.53,0.26,0.26,0.029299765,0.010475538,C,-4.845983684
03107,1.575317604,7.827585108,3.237537249,0.2142846,0.221272841,25,150,25,43,0,34,0,23,0,26,0,1.39,1.389,1.21,1.320769231,1.4,1.237166667,0,0.0825,0.024923461,0.009343898,D,-1.2737393
03108,1.482790698,6.250129991,2.547380424,0.180118211,0.175375684,25,125,125,16,15,29,28,55,57,4,5,1.21,1.222,1.21,1.21,0.75,0.793333333,0.45,0.42,0.018257861,0.0066709,D,-2.058879783
03109,1.80952309,8.503600413,3.795153495,0.207602723,0.21011685,50,150,125,16,15,29,28,55,57,4,5,1.21,1.237707317,1.21,1.233051491,0.75,0.858163155,0.45,0.457579687,0.016974237,0.008358316,D,-0.103712217
03110,1.612469261,7.616010062,3.750251934,0.20261138,0.20196972,125,150,125,16,15,29,28,55,57,4,5,1.21,1.213589744,1.21,1.211794872,0.75,0.789487179,0.45,0.45,0.015205192,0.007764055,D,-0.523922073
04001,1.636550358,14.44985881,4.554090772,0.237283063,0.254412289,25,150,125,16,15,29,28,55,57,4,5,1.21,1.288235808,1.21,1.259325153,0.75,0.994768559,0.45,0.46549345,0.024997089,0.011496134,C,-0.288289444
04002,1.552514322,17.19874131,5.744616103,0.214698249,0.222804459,150,150,150,47,39,29,27,24,34,9,8,1.39,1.39,1.33,1.33,0.86,0.86,0.38,0.38,0.01897117,0.009610462,C/D,-1.559755177
04003,1.266406932,11.37536734,4.119745645,0.239529851,0.257178395,25,150,150,16,15,29,28,23,57,4,5,1.21,1.314251781,1.21,1.284028777,0.75,1.107149644,0.45,0.46807601,0.02710344,0.012031493,C,-0.681495653
04004,2.764856111,20.32526208,6.886243648,0.228549104,0.244806958,25,150,150,47,39,29,27,24,34,9,8,1.39,1.330994599,1.33,1.283245125,0.86,0.871169409,0.38,0.418172521,0.02492548,0.012383281,C,-0.228952353
04005,1.334775374,16.25486059,5.808781726,0.234777029,0.254369238,125,150,150,47,39,29,27,24,34,9,8,1.39,1.384823529,1.33,1.323411765,0.86,0.823176471,0.38,0.384823529,0.020118952,0.009177206,C,-2.91296478
04006,1.290580495,15.11528292,4.238855304,0.233559976,0.245957928,50,150,150,47,39,29,27,24,34,9,5,1.39,1.345343284,1.33,1.293522388,0.86,0.768776119,0.38,0.403522388,0.025902745,0.013720375,D,-0.829509088
04007,1.650211155,18.22836223,6.366689814,0.215834474,0.227148136,125,150,150,47,39,29,27,24,34,9,8,1.39,1.382919897,1.33,1.325142119,0.86,0.864702842,0.38,0.385684755,0.019719107,0.009596736,C,-0.429925164
04008,1.273984443,9.838550522,4.197616774,0.229320602,0.242130447,50,150,150,39,43,38,35,23,22,7,3,1.38,1.390050505,1.4,1.372474747,1.83,1.238232323,0.64,0.501338384,0.024276409,0.010540965,C,-0.613352262
04009,1.492882562,10.83105397,4.011926322,0.218166449,0.226210924,25,150,125,16,15,29,28,55,57,4,5,1.21,1.262498612,1.21,1.253598398,0.75,0.942115491,0.45,0.460277624,0.019557875,0.009487274,C,-0.146651173
04010,2.10255775,13.49186563,4.483007,0.222979181,0.23361235,25,150,125,16,15,29,28,55,57,4,5,1.21,1.268171016,1.21,1.250521595,0.75,0.93917288,0.45,0.466169618,0.021724588,0.010540169,C,-0.079659784
04011,1.710487078,22.79330766,6.999318104,0.207230588,0.222338084,25,150,125,20,20,24,22,56,58,2,4,1.22,1.282792793,1.21,1.251495327,1.2,1.093873874,0.63,0.523963964,0.026133979,0.014596017,C,-1.91305631
04012,1.445054945,19.06470863,6.987673066,0.218345741,0.23013979,150,150,150,47,39,29,27,24,34,9,8,1.39,1.39,1.33,1.33,0.86,0.86,0.38,0.38,0.023121201,0.009884877,C,-1.803429561
04013,1.606636966,12.71882132,4.290598709,0.247566618,0.265903031,50,150,150,47,38,28,27,23,39,10,5,1.4,1.382540984,1.31,1.307540984,0.58,0.798565574,0.4,0.400942623,0.02943562,0.013112244,D,-0.843070901
04014,1.099526066,8.232890598,2.654682526,0.277217518,0.297037405,50,150,50,47,36,30,27,23,37,35,19,1.4,1.4,1.31,1.31,1.13,1.010434783,0.41,0.407826087,0.055325059,0.021762655,D,-5.49729676
04015,1.144425044,11.90043098,3.767073789,0.26197518,0.280156527,50,150,150,49,38,28,23,23,39,10,5,1.4,1.39982906,1.31,1.31034188,0.58,0.791623932,0.4,0.403418803,0.041121199,0.01766923,D,-3.083418949
04016,1.227828054,11.59437163,3.766083569,0.257144755,0.276399705,50,150,150,49,38,28,23,23,39,10,5,1.4,1.399919679,1.31,1.310160643,0.58,0.834056225,0.4,0.404417671,0.037820552,0.016345349,D,-1.40707022
04017,1.903220887,15.78555843,4.849994583,0.232927947,0.248691903,25,150,125,16,15,29,28,55,57,4,5,1.21,1.292251908,1.21,1.261360656,0.75,0.943762268,0.45,0.460594329,0.02443976,0.011784672,C,-0.203462333
04018,1.470071159,12.91277103,4.143441955,0.210635377,0.216964714,125,150,125,16,15,29,28,55,57,4,5,1.21,1.216268657,1.21,1.213134328,0.75,0.818955224,0.45,0.45,0.016784797,0.010348981,C,-1.19856941
04019,2.255400803,13.55695721,4.510422395,0.222654298,0.233170891,25,150,125,16,15,29,28,55,57,4,5,1.21,1.267014993,1.21,1.249544513,0.75,0.944593367,0.45,0.469404816,0.021821458,0.010628584,C,-0.078162513
04020,1.267267267,9.725748792,3.221139287,0.26711147,0.29183608,50,50,50,47,36,30,27,23,37,35,19,1.4,1.4,1.31,1.31,1.13,1.13,0.41,0.41,0.052285047,0.023762536,D,-7.475483905
04021,1.188832643,9.284103568,3.356223989,0.246501279,0.262984283,125,150,150,44,35,33,24,23,41,11,26,1.39,1.368324324,1.29,1.31715847,0.99,1.237675676,0.38,0.466,0.032554405,0.014213926,D,-1.638493735
04022,2.620416408,18.32003718,6.143277726,0.232681388,0.243440031,25,150,150,47,39,29,27,24,34,9,8,1.39,1.362485876,1.33,1.307988506,0.86,0.902881356,0.38,0.416864407,0.024141495,0.009918065,C,-0.563619954
04023,1.430228063,17.03388819,5.477264171,0.237727365,0.259455945,150,150,150,47,39,29,27,24,34,9,8,1.39,1.392638889,1.33,1.324722222,0.86,0.786111111,0.38,0.385277778,0.021908009,0.011335367,C,-2.13767012
04024,1.315151515,16.78318563,5.276037651,0.224936066,0.235560344,125,125,125,16,15,29,28,55,57,4,5,1.21,1.21,1.21,1.21,0.75,0.75,0.45,0.45,0.018114877,0.009180578,C,-1.438827615
04025,1.266533066,10.80782817,3.534095178,0.242905824,0.262917681,50,150,150,49,38,28,23,23,39,10,5,1.4,1.397428571,1.31,1.315142857,0.58,0.675571429,0.4,0.395285714,0.023068262,0.011831387,D,-2.295167761
04026,1.272015127,11.74555545,4.124333637,0.240472123,0.257991252,25,150,150,16,15,29,28,23,57,4,5,1.21,1.317015209,1.21,1.281609195,0.75,1.083802281,0.45,0.459467681,0.027519687,0.012168312,C,-0.572532904
04027,1.104591837,9.192669863,2.968090611,0.275027055,0.293781454,50,150,150,49,38,28,23,23,39,10,5,1.4,1.4,1.31,1.31,0.58,0.835633803,0.4,0.404647887,0.051600986,0.022474951,D,-4.389128898
04028,1.543851053,18.05598913,6.316664983,0.238719,0.252084011,125,150,125,47,39,29,27,24,34,9,8,1.39,1.307833333,1.33,1.272,0.86,1.024333333,0.38,0.500833333,0.024691565,0.010066972,C,-2.663063073
04029,1.186413043,9.445933562,3.095009114,0.26579421,0.288361542,50,150,50,47,36,30,27,23,37,35,19,1.4,1.4,1.31,1.31,1.13,1.066538462,0.41,0.408846154,0.047717578,0.019912666,D,-3.160305498
04030,1.461598365,13.74687158,4.469385267,0.211814588,0.215454674,125,150,125,16,15,29,28,55,57,4,5,1.21,1.217708333,1.21,1.213854167,0.75,0.834791667,0.45,0.45,0.018402615,0.009471083,C,-0.414922571
04031,2.573852437,20.41107368,6.919908615,0.229035171,0.245526525,25,150,150,47,39,29,27,24,34,9,8,1.39,1.334925443,1.33,1.285923965,0.86,0.859668661,0.38,0.410763921,0.024903795,0.012319213,C,-0.240955296
04032,1.358484559,10.55761495,3.386839858,0.240848335,0.258470787,125,150,150,47,39,29,27,24,34,9,5,1.39,1.35871345,1.33,1.29994152,0.86,0.742163743,0.38,0.400409357,0.022051949,0.00987879,D,-0.801215125
04033,1.21637609,9.203235901,3.791249936,0.241032866,0.252950194,50,150,150,39,43,38,35,23,22,7,3,1.38,1.353368421,1.4,1.369052632,1.83,1.646315789,0.64,0.607473684,0.030800338,0.012816505,D,-1.586236404
04034,1.423456339,12.99919284,3.775143379,0.24083862,0.26094313,50,150,125,16,15,29,28,55,57,4,5,1.21,1.284017467,1.21,1.254454148,0.75,0.896026201,0.45,0.448296943,0.024218621,0.011950124,D,-1.039974171
04035,1.849514563,15.46116888,5.736431922,0.225909353,0.240453151,25,150,150,47,39,29,27,24,34,9,8,1.39,1.39,1.33,1.33,0.86,0.995,0.38,0.285,0.025324718,0.010034125,C,-5.000074181
04036,2.662070945,16.03730737,5.4340757,0.223450384,0.235900824,25,150,125,16,15,29,28,55,57,4,5,1.21,1.290730951,1.21,1.260847197,0.75,0.934266326,0.45,0.446300726,0.023011495,0.011365168,C,-0.058928485
04037,1.277777778,12.38855839,4.841775405,0.227567072,0.249539489,25,150,125,16,15,29,28,55,57,4,5,1.21,1.223809524,1.21,1.22038835,0.75,0.838952381,0.45,0.45047619,0.017873401,0.008471514,C,-1.411012824
04038,1.460118141,10.16387464,4.205203405,0.224316496,0.23603076,25,150,125,16,15,29,28,55,57,4,5,1.21,1.324457516,1.21,1.31175583,0.75,1.103908497,0.45,0.466496732,0.022081086,0.010017905,C,-0.328307196
04039,1.242708055,11.57045847,3.351647221,0.238936958,0.246534762,125,150,150,47,39,29,27,24,34,9,8,1.39,1.36631068,1.33,1.307475728,0.86,0.773300971,0.38,0.395242718,0.026823064,0.014891666,D,-1.34117254
04040,2.355578728,22.29030493,7.774912798,0.237911711,0.254364855,25,150,150,47,39,29,27,24,34,9,8,1.39,1.363283859,1.33,1.302219075,0.86,0.798778281,0.38,0.38638914,0.025875845,0.012009384,C,-0.405687031
04041,1.389128273,20.18988068,6.619334471,0.23162414,0.24054021,150,150,150,47,39,29,27,24,34,9,8,1.39,1.39,1.33,1.33,0.86,0.86,0.38,0.38,0.027076419,0.01231412,C,-1.253710202
04042,1.219262846,9.501400215,3.916563279,0.233979556,0.246948697,50,150,150,39,43,38,35,23,22,7,3,1.38,1.357348837,1.4,1.360697674,1.83,1.455488372,0.64,0.562883721,0.026684442,0.011246228,D,-1.037361302
04043,2.234707731,13.552531,4.508075204,0.222685579,0.233207089,25,150,125,16,15,29,28,55,57,4,5,1.21,1.267154249,1.21,1.249663129,0.75,0.943836865,0.45,0.468929141,0.021809207,0.010615896,C,-0.078184859
04044,1.142027864,8.495622193,3.583928131,0.236038565,0.249035578,125,150,150,39,43,38,35,23,22,7,3,1.38,1.336933333,1.4,1.351866667,1.83,1.5564,0.64,0.591866667,0.026812056,0.010932692,D,-3.038940836
04045,1.571594128,18.60284719,5.958803601,0.229862306,0.238620317,150,150,150,47,39,29,27,24,34,9,8,1.39,1.39,1.33,1.33,0.86,0.86,0.38,0.38,0.023386058,0.009771794,C,-0.739405854
04046,2.79680444,16.40573075,5.577447941,0.223555449,0.235921851,25,150,150,47,15,29,28,55,57,4,5,1.39,1.301345689,1.21,1.268156164,0.75,0.932438605,0.45,0.439834749,0.023053968,0.011211213,C,-0.048857252
04047,1.442852024,11.52386035,3.757143359,0.246701217,0.264031451,50,125,50,47,36,30,27,23,37,35,19,1.4,1.3525,1.31,1.285,1.13,1.035,0.41,0.42,0.028571584,0.012739518,D,-2.117682707
04048,1.233549959,11.67072593,3.748945778,0.246554531,0.263456025,50,150,50,47,36,30,27,23,37,35,19,1.4,1.372608696,1.31,1.326956522,1.13,1.304492754,0.41,0.486376812,0.031943954,0.014290031,D,-2.105146473
04049,1.266371364,10.92265809,4.407649723,0.222498005,0.236415895,25,150,125,16,15,29,28,55,57,4,5,1.21,1.280695652,1.21,1.260721649,0.75,1.086521739,0.45,0.416478261,0.020845066,0.009715433,C,-0.636692686
04050,1.206024096,9.895606823,3.21416356,0.26011231,0.282396799,50,150,50,47,36,30,27,23,37,35,19,1.4,1.4,1.31,1.31,1.13,1.001666667,0.41,0.407666667,0.041197954,0.017897477,D,-1.722064363
04051,1.295755968,17.12452747,5.190544917,0.222631118,0.231328564,125,125,125,16,15,29,28,55,57,4,5,1.21,1.21,1.21,1.21,0.75,0.75,0.45,0.45,0.017764321,0.009316858,C,-2.111096879
04052,2.717528453,15.94504358,5.342011393,0.223906667,0.236178434,25,150,125,16,15,29,28,55,57,4,5,1.21,1.287015493,1.21,1.259056904,0.75,0.929778308,0.45,0.452900239,0.023077623,0.011393457,C,-0.061017559
04053,1.462550237,16.25736276,5.612912773,0.209308368,0.224939174,150,150,150,47,39,29,27,24,34,9,8,1.39,1.381898734,1.33,1.32443038,0.86,0.86556962,0.38,0.383544304,0.018817952,0.011905641,C,-1.819048866
04054,1.422494646,11.351505,4.312971106,0.221738641,0.232931796,25,150,125,16,15,29,28,55,57,4,5,1.21,1.289895105,1.21,1.278221815,0.75,1.012141608,0.45,0.45875,0.020723072,0.00980765,C,-0.215130481
04055,1.413480885,17.52558095,5.527098018,0.226650051,0.237698131,125,125,125,16,15,29,28,55,57,4,5,1.21,1.213170732,1.21,1.21,0.75,0.892682927,0.45,0.507073171,0.02005352,0.009982394,C,-1.423255527
04056,1.289225589,12.16502354,3.754463092,0.247787833,0.265684174,50,150,50,47,36,30,27,23,37,35,19,1.4,1.35183908,1.31,1.284482759,1.13,1.032298851,0.41,0.419770115,0.031357649,0.013501853,D,-2.013880447
04057,2.245722953,17.62458283,5.859335552,0.224692676,0.24221082,25,150,150,47,39,29,27,24,34,9,8,1.39,1.321372796,1.33,1.279530201,0.86,0.859496222,0.38,0.393413098,0.024031719,0.012319545,C,-0.568802574
04058,2.332047452,21.99112141,7.786713054,0.241139067,0.257182115,50,150,150,47,39,29,27,24,34,9,5,1.39,1.362582011,1.33,1.301026455,0.86,0.773899177,0.38,0.39031893,0.026014778,0.011866325,C,-0.413637557
04059,1.708029197,20.58091667,6.923354785,0.227758973,0.236946115,125,150,150,47,39,29,27,24,34,9,8,1.39,1.34952381,1.33,1.301428571,0.86,0.940952381,0.38,0.43952381,0.02494548,0.011057427,C,-5.447520903
04060,2.797703157,16.40583206,5.57750354,0.22355564,0.235921963,25,150,150,47,15,29,28,55,57,4,5,1.39,1.301345689,1.21,1.268156164,0.75,0.932438605,0.45,0.439834749,0.023053908,0.011211202,C,-0.048856803
04061,1.61979692,8.207556723,3.096057855,0.211817226,0.214151528,125,150,125,16,15,29,28,55,57,4,5,1.21,1.216578947,1.21,1.214545455,0.75,0.81291866,0.45,0.452272727,0.016412631,0.008810795,D,-0.483021469
04062,2.595353484,16.26881037,5.529564263,0.2229836,0.235417042,25,150,125,16,15,29,28,55,57,4,5,1.21,1.296420286,1.21,1.264715364,0.75,0.934666093,0.45,0.443320625,0.022923566,0.01126984,C,-0.053099
04063,1.119047619,8.171834226,2.710813387,0.258584265,0.273590659,150,150,150,44,35,33,24,23,41,11,26,1.39,1.387741935,1.29,1.31483871,0.99,1.179677419,0.38,0.438709677,0.044155189,0.020601427,D,-3.466016551
04064,1.876226096,11.68365999,4.171596729,0.216012753,0.222849106,25,150,125,16,15,29,28,55,57,4,5,1.21,1.25141838,1.21,1.243399142,0.75,0.927620646,0.45,0.464792279,0.019529034,0.009488287,C,-0.108595369
05001,1.429460921,14.58316595,4.347444526,0.250563005,0.272475471,50,150,150,49,38,28,23,23,39,10,5,1.4,1.396610169,1.31,1.316779661,0.58,0.684237288,0.4,0.393389831,0.028218346,0.013302229,D,-1.103148701
05002,1.436586241,18.61656462,5.766392465,0.244340824,0.267240385,25,150,150,47,39,29,27,24,34,9,8,1.39,1.392808,1.33,1.323838028,0.86,0.842547923,0.38,0.351238019,0.026476041,0.011751707,C,-0.28624089
05003,1.165627783,11.1187625,3.511885186,0.263338269,0.285582359,50,150,150,49,38,28,23,23,39,10,5,1.4,1.39688172,1.31,1.316236559,0.58,0.690967742,0.4,0.394193548,0.038646601,0.017002968,D,-1.527801907
05004,1.291139241,23.53656793,7.856239241,0.227249702,0.244282825,125,150,150,47,39,29,27,24,34,9,8,1.39,1.377033898,1.33,1.315423729,0.86,0.903559322,0.38,0.399067797,0.029876657,0.012219639,C,-2.480451822
05005,1.097127937,13.32363886,4.36157644,0.246926207,0.262389307,25,150,150,47,39,29,27,24,34,9,8,1.39,1.376415094,1.33,1.316666667,0.86,1.02490566,0.38,0.263396226,0.028809358,0.011350395,C,-2.529514553
05006,1.202310718,11.09284762,3.484306583,0.260694863,0.28533081,25,150,150,47,39,29,27,23,34,9,8,1.4,1.395545455,1.31,1.318679245,0.86,0.835181818,0.38,0.386090909,0.036684154,0.016010116,D,-1.253855182
05007,1.15617849,11.70986866,3.701985713,0.255564319,0.280640182,50,150,150,47,39,29,27,24,34,9,8,1.39,1.391,1.33,1.328,0.86,0.843,0.38,0.3822,0.030302851,0.013157275,D,-1.305306156
05008,1.595597514,17.95941138,5.787276053,0.246190298,0.266461471,25,150,150,47,39,29,27,24,34,9,8,1.39,1.391022273,1.33,1.323991962,0.86,0.911023891,0.38,0.338634812,0.028613984,0.012228352,C,-0.267231365
05009,1.131343284,24.45955766,6.48036167,0.227169497,0.258229646,25,150,150,47,39,29,27,23,34,9,8,1.39,1.393357143,1.33,1.321681416,0.86,0.870142857,0.38,0.313428571,0.020861602,0.0087623,C,-1.499401678
05010,1.124461465,8.818528566,2.631084594,0.274050914,0.296682663,50,150,150,49,38,28,23,23,39,10,5,1.4,1.399824561,1.31,1.310350877,0.58,0.623508772,0.4,0.400350877,0.047424866,0.020427617,D,-1.935287073
05011,1.259870359,21.10144797,6.146516612,0.233928465,0.251400856,25,150,150,47,39,29,27,24,34,9,8,1.39,1.39,1.33,1.33,0.86,1.088,0.38,0.219555556,0.032906647,0.010669121,C,-3.286712205
05012,1.855044762,18.50719559,5.978293807,0.24204959,0.261037185,25,150,150,47,39,29,27,24,34,9,8,1.39,1.389099957,1.33,1.323860536,0.86,0.933339085,0.38,0.344236411,0.029483083,0.01220296,C,-0.211204764
05013,1.130317353,9.466702595,2.845015443,0.272253085,0.298001877,50,150,50,49,38,30,23,23,39,10,5,1.4,1.399512195,1.31,1.311463415,0.58,0.89097561,0.4,0.422682927,0.048200504,0.021026134,D,-2.922768003
05014,1.442348412,20.80902737,6.446863686,0.229764433,0.24562471,25,150,150,47,39,29,27,24,34,9,8,1.39,1.381206897,1.33,1.318734177,0.86,1.076275862,0.38,0.362482759,0.03539734,0.012909208,C,-1.087955167
05015,0.988215488,10.91916519,3.547460975,0.280334178,0.299425894,25,150,150,43,0,30,0,23,0,26,0,1.39,1.392857143,1.31,1.318125,1.4,1.315306122,0,0.336326531,0.05240644,0.021988127,D,-8.499493022
05016,0.9609375,9.877561957,3.235131333,0.290196837,0.311042181,25,150,25,43,0,34,0,23,0,26,0,1.39,1.39,1.34,1.34,1.4,1.52375,0,0.28875,0.061573017,0.032023644,D,-14.70483751
05017,1.104904632,8.779900686,2.710199778,0.266311458,0.290683303,50,150,150,49,38,28,23,23,39,10,5,1.4,1.4,1.31,1.31,0.58,0.65173913,0.4,0.401304348,0.042038572,0.018814746,D,-5.057323415
05018,1.614309088,14.2653045,4.935893234,0.261912048,0.280332009,25,150,150,47,39,30,27,24,34,9,8,1.39,1.384947368,1.33,1.319738562,0.86,1.162052632,0.38,0.409736842,0.041875823,0.017636615,C,-2.702175982
05019,1.615763547,13.82237474,5.143045858,0.244227182,0.255027274,25,150,150,47,39,29,27,24,34,9,8,1.39,1.39,1.33,1.33,0.86,0.914,0.38,0.342,0.030280162,0.010623603,C,-9.201632494
05020,1.276355422,16.26911546,4.993476141,0.239393853,0.255027545,25,150,150,47,39,29,27,24,34,9,8,1.39,1.344054054,1.33,1.291290323,0.86,1.039459459,0.38,0.385945946,0.031139344,0.010494938,C,-6.465810739
05021,1.14444995,26.76525466,6.845137767,0.222818905,0.256984754,25,150,150,47,39,29,27,23,34,9,8,1.39,1.394234234,1.33,1.320784314,0.86,0.785225225,0.38,0.357657658,0.019761368,0.008452304,C,-1.623129623
05022,0.988895743,10.90155496,3.794415728,0.274579316,0.294900377,25,150,150,46,41,30,26,24,33,5,7,1.39,1.393555556,1.34,1.329333333,1.73,1.321111111,0.77,0.638444444,0.04721345,0.022269321,D,-5.96016287
05023,1.366391185,13.32738487,4.95676464,0.23860363,0.247971056,25,150,150,47,39,29,27,24,34,9,8,1.39,1.39,1.33,1.33,0.86,0.899512195,0.38,0.352195122,0.026075746,0.009749793,C,-5.147167576
05024,1.260238908,9.978382677,3.115680274,0.256971307,0.279698706,150,150,150,49,38,28,23,23,39,10,5,1.4,1.4,1.31,1.31,0.58,0.58,0.4,0.4,0.029764648,0.013773767,D,-4.722992119
05025,1.063084112,13.16261292,4.134222191,0.250484463,0.259269013,25,150,25,43,0,29,0,23,0,9,0,1.39,1.39,1.33,1.33,0.86,1.13,0,0.19,0.032095907,0.010806285,C,-5.991300937
05026,1.432938987,23.39519234,6.373414452,0.227591609,0.253678725,25,150,150,47,39,29,27,24,34,9,8,1.39,1.390382775,1.33,1.329207921,0.86,0.867368421,0.38,0.368038278,0.019098102,0.00943326,C,-1.389710894
05027,1.432841933,22.24705714,6.215535698,0.229436702,0.253431613,25,150,150,47,39,29,27,24,34,9,8,1.39,1.390296296,1.33,1.329391635,0.86,0.865703704,0.38,0.370740741,0.019805039,0.009436808,C,-1.209981396
05028,1.273287509,12.87274383,4.169717783,0.254934481,0.278680703,25,150,150,47,39,29,27,24,34,9,8,1.39,1.39412766,1.33,1.321504425,0.86,0.816978723,0.38,0.377829787,0.031264484,0.013588528,C,-0.877243636
05029,1.459861007,18.50025661,5.898344416,0.244798403,0.265788246,25,150,150,47,39,29,27,24,34,9,8,1.39,1.391868721,1.33,1.32411487,0.86,0.881153333,0.38,0.327553333,0.02710253,0.011695353,C,-0.274647429
06001,1.454307769,10.33265054,4.254280563,0.24369841,0.257580179,25,150,125,16,15,29,28,23,57,4,5,1.39,1.3148,1.21,1.234296296,0.75,1.053733333,0.45,0.257244444,0.026031613,0.012832558,C,-0.911260754
06002,1.245940783,11.68424775,4.0423343,0.258725137,0.270292758,25,50,25,43,0,34,0,23,0,26,0,1.39,1.395333333,1.32,1.318235294,1.4,1.217166667,0,0.097,0.036524415,0.021333781,C,-1.260818437
06003,1.128834356,13.63766294,4.788887538,0.25029093,0.26308793,25,50,25,43,0,34,0,23,0,26,0,1.39,1.394,1.32,1.32,1.4,1.268,0,0.068,0.031767835,0.019178563,C,-5.254045275
06004,1.480556693,10.25964343,4.476653319,0.235840819,0.247115023,25,150,150,44,35,33,24,23,41,11,26,1.39,1.400891089,1.29,1.304193548,0.99,1.123267327,0.38,0.228910891,0.025646338,0.012132057,C,-0.974378141
06005,23.51336406,16.96294548,5.491038788,0.233211371,0.252642867,50,50,50,56,44,20,19,24,37,11,10,1.41,1.408709677,1.32,1.32,0.74,0.782580645,0.34,0.318064516,0.018319461,0.006591837,C,-0.8190424
06006,1.553218575,10.57679397,4.416060493,0.239677983,0.252672702,25,150,25,43,0,34,0,23,0,26,0,1.39,1.353027888,1.29,1.265959596,1.4,1.085318725,0,0.239003984,0.02591168,0.012704938,C,-0.489451942
06007,5.902303983,11.15142093,3.995422774,0.257353205,0.26855333,25,150,25,43,0,34,0,23,0,26,0,1.39,1.398258065,1.32,1.323230769,1.4,1.127935484,0,0.144,0.034349001,0.017887066,C,-0.596951943
06008,1.513239297,10.35983166,4.376107848,0.239816467,0.252447456,25,150,25,43,0,34,0,23,0,26,0,1.39,1.355535714,1.29,1.26739777,1.4,1.090022321,0,0.241517857,0.025954074,0.012636473,C,-0.529438607
06009,2.039950495,11.00166409,4.488955096,0.239636172,0.253077185,25,150,25,43,0,34,0,23,0,26,0,1.39,1.358157424,1.29,1.272089552,1.4,1.07254025,0,0.237745975,0.025664382,0.012587421,C,-0.429422761
06010,1.589114833,10.86014193,3.95658166,0.257695643,0.270936126,25,50,25,43,0,34,0,23,0,26,0,1.39,1.393555556,1.32,1.32,1.4,1.282666667,0,0.060444444,0.039017518,0.019223167,C,-1.50611304
06011,6.719354018,11.57310864,4.546487842,0.240286399,0.253560031,25,150,25,43,0,34,0,23,0,11,0,1.39,1.365694656,1.29,1.282587413,1.4,1.025816794,0,0.251694656,0.024931045,0.011921871,C,-0.311377113
07001,1.41285956,14.92051221,5.547841998,0.251914731,0.26821165,25,150,150,79,68,11,10,10,22,7,4,1.59,1.499090909,1.45,1.45,0.53,0.925454545,0.3,0.163636364,0.033239769,0.014320369,C,-6.770730712
07002,1.307069964,10.49772355,3.927006111,0.252555463,0.262666656,25,150,150,44,35,33,24,23,41,11,26,1.39,1.390657895,1.29,1.290812183,0.99,1.132796053,0.38,0.245986842,0.030505515,0.016896645,C,-0.898009013
07003,4.564416356,10.96738649,4.253458378,0.240220927,0.254170177,25,150,150,79,68,11,10,23,22,7,4,1.39,1.484339472,1.45,1.400423341,0.53,0.883730985,0.3,0.223947158,0.028098224,0.012764767,D,-0.26105611
07004,3.482099952,8.319800362,3.33044305,0.237556197,0.250308116,25,150,150,44,35,33,24,23,41,11,26,1.39,1.452926829,1.29,1.36436853,0.99,0.958952654,0.38,0.238120516,0.027890871,0.012744365,D,-0.430756761
07005,1.136956522,9.053048998,3.332194361,0.250299069,0.262276132,25,150,150,44,35,33,24,23,41,11,26,1.39,1.39,1.29,1.29,0.99,1.191746032,0.38,0.193015873,0.032376611,0.0179445,D,-2.254534181
07006,2.011725293,9.666585526,3.995870565,0.24232489,0.262025779,25,150,150,79,68,11,10,10,22,7,4,1.59,1.541176471,1.45,1.449230769,0.53,0.734705882,0.3,0.227058824,0.029625135,0.014104964,C,-9.217573767
07007,3.446155522,8.332420154,3.32812685,0.238596959,0.251671313,25,150,150,43,0,34,0,23,0,26,0,1.39,1.451015625,1.45,1.366947791,1.4,0.982734375,0,0.221966146,0.02845136,0.013216007,D,-0.422768575
07008,3.509268949,8.643232266,3.351114924,0.237871018,0.250754306,25,150,150,44,35,33,24,23,41,11,26,1.39,1.386378378,1.29,1.289036145,0.99,1.109432432,0.38,0.257108108,0.028692592,0.013532513,D,-0.677737984
07009,4.94888684,10.99895263,4.253329459,0.240351963,0.254163022,25,150,150,79,68,11,10,23,22,7,4,1.39,1.486168371,1.45,1.401640625,0.53,0.877608183,0.3,0.225263572,0.028035571,0.012716044,D,-0.259018611
07010,3.967717159,10.67128038,4.172451411,0.239510712,0.253553266,25,150,150,79,68,11,10,23,22,7,4,1.39,1.479853448,1.45,1.396240695,0.53,0.89512069,0.3,0.223543103,0.028071414,0.012821582,D,-0.278932581
07011,3.687543848,8.700933546,3.4082518,0.237543693,0.25071649,25,150,150,44,35,33,24,23,41,11,26,1.39,1.407228637,1.29,1.312591362,0.99,1.055727483,0.38,0.257205543,0.028243547,0.013237619,D,-0.619844142
07012,4.051098969,9.205316862,3.717850611,0.2391294,0.252555308,25,150,150,43,0,34,0,23,0,26,0,1.39,1.456740823,1.45,1.376631206,1.4,0.979666296,0,0.211557286,0.028424223,0.01320483,D,-0.373645601
07013,1.239510703,9.977193913,3.755781316,0.252190362,0.262586763,25,150,150,44,35,33,24,23,41,11,26,1.39,1.39,1.29,1.29,0.99,1.124247788,0.38,0.255575221,0.031027408,0.017615755,C,-1.037624817
07014,3.811098176,9.946585676,3.938628501,0.239743391,0.253672107,25,150,150,79,68,11,10,23,22,7,4,1.39,1.472226345,1.45,1.390524862,0.53,0.922894249,0.3,0.218729128,0.028370218,0.013096562,D,-0.314434068
07015,1.548962149,6.716984318,2.56675269,0.242705428,0.254143752,25,150,150,43,0,34,0,23,0,26,0,1.39,1.484017094,1.45,1.45,1.4,0.991025641,0,0.141025641,0.030499275,0.013322481,D,-2.110639612
08001,1.313142047,7.263160812,2.7727302,0.199735908,0.19484943,25,150,150,79,68,11,10,10,22,7,4,1.59,1.519113924,1.45,1.45,0.53,0.83835443,0.3,0.193670886,0.019658612,0.006829146,D,-1.538422308
08002,1.131623932,15.70360566,5.56286152,0.239190658,0.255493991,150,150,150,81,69,7,8,12,23,10,10,1.56,1.56,1.44,1.44,0.53,0.53,0.26,0.26,0.025866817,0.009218696,C,-5.000407468
08003,2.089570159,7.104116754,2.89603471,0.196926576,0.19757758,25,150,150,79,68,11,10,10,22,7,4,1.59,1.540432277,1.45,1.45,0.53,0.745619597,0.3,0.225648415,0.021230788,0.008982005,D,-0.71207502
08004,2.113570181,7.201526869,2.940321344,0.19359865,0.192798584,25,150,150,79,68,11,10,10,22,7,4,1.59,1.524745763,1.45,1.45,0.53,0.813855932,0.3,0.202118644,0.020694563,0.008829906,D,-0.879510208
08005,1.498262165,9.982307365,3.631175129,0.225245005,0.231523458,75,150,150,79,68,11,10,10,22,7,4,1.59,1.536902655,1.45,1.418141593,0.53,0.617610619,0.3,0.321238938,0.024395126,0.008844161,D,-1.110057438
08006,2.432178023,9.471602055,3.668087128,0.202258075,0.20219413,25,150,150,79,68,11,10,10,22,7,4,1.59,1.521967054,1.45,1.412274907,0.53,0.673938953,0.3,0.286443798,0.019349102,0.007628329,D,-0.09091221
08007,4.657706524,12.95506588,5.091463811,0.215417664,0.219809294,25,150,150,79,68,11,10,10,22,7,4,1.59,1.50454778,1.45,1.401346346,0.53,0.673968953,0.3,0.299814643,0.021505767,0.008728222,D,-0.061293194
08008,1.218408736,6.061521472,2.457923006,0.221384729,0.229336992,25,150,150,79,68,11,10,23,22,7,4,1.59,1.469454545,1.45,1.387368421,0.53,0.814363636,0.3,0.238181818,0.023294005,0.010022353,D,-3.252030456
08009,1.422234244,6.938098346,2.709699882,0.213633437,0.215126934,25,150,75,79,68,11,10,10,22,7,4,1.59,1.571308411,1.45,1.45,0.53,0.611308411,0.3,0.271962617,0.023448566,0.009004168,D,-1.768076934
08010,1.468662301,12.54066505,5.058811714,0.209846867,0.211107907,75,150,150,79,68,11,10,10,22,7,4,1.59,1.59,1.45,1.45,0.53,0.53,0.3,0.3,0.018868939,0.006959559,C,-0.601920869
08011,2.437830156,9.360726061,3.615750662,0.200457488,0.198397227,25,150,150,79,68,11,10,10,22,7,4,1.59,1.510114723,1.45,1.40157672,0.53,0.684674952,0.3,0.284493308,0.018229657,0.007081269,D,-0.131032753
08012,2.653601176,9.126905671,3.556320071,0.202876769,0.203388064,25,150,150,79,68,11,10,10,22,7,4,1.59,1.522277476,1.45,1.412640037,0.53,0.67142499,0.3,0.287839532,0.019678977,0.007827061,D,-0.084696886
08013,3.459665025,12.76748619,4.793443434,0.235177167,0.245834605,150,150,150,47,39,29,27,24,34,9,8,1.39,1.47985755,1.33,1.385270655,0.86,0.704900285,0.38,0.333618234,0.024287133,0.009664787,C,-0.404307868
08014,1.151515152,5.9169145,2.320438666,0.225419422,0.226080738,75,75,75,79,68,11,10,10,22,7,4,1.59,1.59,1.45,1.45,0.53,0.53,0.3,0.3,0.029137204,0.011120025,D,-6.773965313
08015,1.190834473,6.652993519,2.748938526,0.212711334,0.217658905,150,150,150,79,68,11,10,10,22,7,4,1.59,1.59,1.45,1.45,0.53,0.53,0.3,0.3,0.025237321,0.011198323,D,-2.362334337
08016,1.587365591,13.27950339,4.955182601,0.23074167,0.240272369,150,150,150,47,39,29,27,24,34,9,8,1.39,1.462205882,1.33,1.374068627,0.86,0.73625,0.38,0.34627451,0.022096232,0.007778522,C,-0.54806979
08017,4.360519974,13.00024194,5.125232241,0.214202956,0.218133661,25,150,150,79,68,11,10,10,22,7,4,1.59,1.505036479,1.45,1.40165222,0.53,0.678536467,0.3,0.299626848,0.021115415,0.008474921,D,-0.061117337
08018,3.142259414,13.55070552,4.788439316,0.251240557,0.264294234,150,150,150,81,69,7,8,12,23,10,10,1.56,1.56,1.44,1.44,0.53,0.53,0.26,0.26,0.028818852,0.011513005,C,-3.057597814
08019,2.118214005,7.06183113,2.879395114,0.196269849,0.19578864,25,150,150,79,68,11,10,10,22,7,4,1.59,1.528790036,1.45,1.45,0.53,0.796263345,0.3,0.208185053,0.021447297,0.009118045,D,-0.79308637
08020,1.461240751,10.27099878,4.021448498,0.203817689,0.201712949,25,150,150,79,68,11,10,10,22,7,4,1.59,1.526854839,1.45,1.408117155,0.53,0.626774194,0.3,0.301532258,0.018282384,0.00689094,C,-0.270700614
08021,1.272712256,5.776084896,2.398667865,0.213586492,0.219133408,25,150,150,79,68,11,10,10,22,7,4,1.59,1.514311377,1.45,1.413478261,0.53,0.691856287,0.3,0.269461078,0.02478845,0.010894134,D,-1.349710041
08022,1.313289236,9.493208812,3.525838283,0.22510202,0.229944342,150,150,150,79,68,11,10,10,22,7,4,1.59,1.503043478,1.45,1.397826087,0.53,0.673478261,0.3,0.334782609,0.025328023,0.009118266,D,-2.187860674
08023,5.164122137,5.921239938,2.240879042,0.194532323,0.192176309,25,150,25,43,0,34,0,23,0,26,0,1.39,1.412222222,1.45,1.45,1.4,1.303333333,0,0.033333333,0.020171604,0.008340886,D,-3.86305536
08024,1.127819549,7.46651751,2.933705572,0.246068014,0.261169034,25,150,25,43,0,34,0,23,0,26,0,1.39,1.484117647,1.45,1.45,1.4,0.990588235,0,0.141176471,0.03399228,0.018715067,D,-4.809386143
08025,1.473121762,10.63684867,4.513417263,0.209953869,0.211242687,150,150,150,47,39,29,27,24,34,9,8,1.39,1.449090909,1.33,1.365454545,0.86,0.7625,0.38,0.356363636,0.018095003,0.006297274,C/D,-1.137971847
08026,4.778776879,13.02778748,5.093261053,0.217367703,0.222395911,25,150,150,79,68,11,10,10,22,7,4,1.59,1.506254657,1.45,1.402611555,0.53,0.666786806,0.3,0.298728702,0.021992187,0.008920269,D,-0.061287287
08027,1.260084926,8.398799445,3.464461543,0.23971682,0.253101839,25,150,150,79,68,11,10,10,22,7,4,1.59,1.519038462,1.45,1.449117647,0.53,0.831153846,0.3,0.193846154,0.027369752,0.013160572,D,-1.970401693
08028,1.465555912,12.7370578,4.789413672,0.198212557,0.198835753,50,150,150,79,68,11,10,10,22,7,4,1.59,1.506428571,1.45,1.389642857,0.53,0.6275,0.3,0.318571429,0.016139219,0.00693534,C,-0.280945067
08029,1.468007663,12.23155324,4.382356592,0.218916318,0.22439395,75,150,150,79,68,11,10,10,22,7,4,1.59,1.569591837,1.45,1.437755102,0.53,0.563673469,0.3,0.308163265,0.02219496,0.008309381,C,-0.428501156
08030,1.3461006,8.92543094,3.762592262,0.202776257,0.198204952,50,150,150,47,39,29,27,24,34,9,8,1.39,1.452975207,1.33,1.367603306,0.86,0.755371901,0.38,0.354545455,0.019139072,0.006524539,D,-0.653777499
08031,6.547037733,10.85291496,4.686202158,0.21472862,0.217602075,125,150,150,47,39,29,27,24,34,9,8,1.39,1.432168675,1.33,1.35313253,0.86,0.71686747,0.38,0.362771084,0.018434092,0.006366525,C,-0.639810236
08032,1.355826087,9.705398906,4.161258394,0.203365123,0.199609445,150,150,150,47,39,29,27,24,34,9,8,1.39,1.483670886,1.33,1.386202532,0.86,0.705443038,0.38,0.342531646,0.0183716,0.006408348,C/D,-0.829062409
08033,1.261325703,12.56564835,4.352343653,0.225981104,0.234855008,75,150,75,79,68,11,10,10,22,7,4,1.59,1.59,1.45,1.45,0.53,0.53,0.3,0.3,0.0245443,0.009205301,C,-1.160897251
08034,2.364330721,9.971364458,3.830829318,0.203503866,0.20309404,25,150,150,79,68,11,10,10,22,7,4,1.59,1.516869773,1.45,1.405289256,0.53,0.661989247,0.3,0.298506571,0.018989191,0.007304429,D,-0.093198259
08035,1.885334599,10.04501084,3.905163926,0.198729368,0.19577783,25,150,50,56,44,20,19,24,37,11,10,1.41,1.492436548,1.32,1.384764493,0.74,0.685837563,0.34,0.298950931,0.017578692,0.006780065,D,-0.12084496
08036,1.278803987,6.58310774,2.694415405,0.232768756,0.242835609,25,150,150,79,68,11,10,10,22,7,4,1.59,1.528666667,1.45,1.439299363,0.53,0.752428571,0.3,0.23,0.024780808,0.010450796,D,-1.011486348
08037,1.114978903,6.227066545,2.432215588,0.243492971,0.253548264,25,150,25,43,0,34,0,23,0,26,0,1.39,1.47627451,1.45,1.45,1.4,1.024705882,0,0.129411765,0.030376309,0.013447756,D,-4.204434529
08038,4.786539424,12.97948817,5.090883258,0.216137685,0.220830689,25,150,150,79,68,11,10,10,22,7,4,1.59,1.504176123,1.45,1.401121678,0.53,0.671644424,0.3,0.299886903,0.021685737,0.008789246,D,-0.061046391
09001,14.67643012,20.12205808,7.049604108,0.205798559,0.215566428,25,150,125,16,15,29,28,55,57,4,5,1.21,1.276512456,1.21,1.220461538,0.75,0.979608541,0.45,0.317651246,0.030850859,0.016635516,C,-1.369550402
09002,6.14623335,21.79605522,7.405034158,0.217849592,0.234277733,25,150,150,47,39,29,27,24,34,9,8,1.39,1.350331754,1.33,1.298505535,0.86,0.913902054,0.38,0.343372828,0.026479967,0.013834378,C,-0.443771571
09003,3.25047259,18.11949323,5.893987142,0.22517343,0.235627474,25,150,150,81,70,9,9,10,21,4,4,1.59,1.426551724,1.46,1.366538462,0.57,0.772413793,0.3,0.330344828,0.030761906,0.011870459,C,-4.149955582
09004,1.402578797,17.47603111,6.099442242,0.240760648,0.254326265,25,150,150,43,0,29,0,23,0,9,0,1.39,1.39,1.33,1.33,0.86,1.13,0,0.19,0.032271667,0.014459196,C,-6.481239518
09005,1.893678493,20.83064848,7.42475921,0.223984585,0.241168371,25,150,150,47,39,29,27,24,34,9,8,1.39,1.385726141,1.33,1.326095238,0.86,0.920912863,0.38,0.333278008,0.02612544,0.0124301,C,-1.820277769
09006,1.327674897,24.50257334,6.526426908,0.222671643,0.249189833,25,150,150,47,39,29,27,24,34,9,8,1.39,1.390925926,1.33,1.328051948,0.86,0.860740741,0.38,0.36308642,0.020921974,0.012156369,C,-2.036444292
09007,1.697390572,17.0152789,5.988376591,0.233297051,0.247124479,25,150,150,47,39,29,27,24,34,9,8,1.39,1.39,1.33,1.33,0.86,0.947715736,0.38,0.318274112,0.026338131,0.010365904,C,-2.04019773
09008,6.245156981,16.98885427,5.997807743,0.239106376,0.250951073,25,150,150,47,39,29,27,24,34,9,8,1.39,1.39,1.33,1.33,0.86,1.063294118,0.38,0.236941176,0.031926902,0.01437236,C,-4.886061163
09009,6.843161399,20.65983405,7.144777232,0.223390796,0.238402627,25,150,150,47,39,29,27,24,34,9,8,1.39,1.357323867,1.33,1.303872283,0.86,0.944500818,0.38,0.320381888,0.027807676,0.013428277,C,-0.316958933
09010,0.941919192,20.20153666,6.936215936,0.232053546,0.246447198,150,150,150,47,39,29,27,24,34,9,8,1.39,1.39,1.33,1.33,0.86,0.86,0.38,0.38,0.026383916,0.010146958,C,-9.576397789
09011,1.237083333,22.9715103,7.463824579,0.225276676,0.244120658,150,150,150,47,39,29,27,24,34,9,8,1.39,1.390049505,1.33,1.3299,0.86,0.863960396,0.38,0.376336634,0.028698843,0.016473619,C,-1.995034118
09012,1.629664055,23.64532803,7.524214314,0.220219573,0.240751984,25,150,150,47,39,29,27,24,34,9,8,1.39,1.367159905,1.33,1.312525773,0.86,0.87575179,0.38,0.361622912,0.022698181,0.011946144,C,-0.938394735
10001,1.033333333,14.4428011,6.02599404,0.2185647,0.217693519,25,25,25,43,0,34,0,23,0,26,0,1.39,1.39,1.38,1.385027231,1.4,1.4,0,0,0.021716856,0.008421705,C,-6.19159647
10002,1.252786447,14.31424354,6.003045746,0.19073715,0.187013021,75,150,125,48,37,23,22,29,41,7,3,1.37,1.333439153,1.3,1.27968254,1.63,1.343809524,0.56,0.513862434,0.01365385,0.007012654,C,-0.837545401
10003,1.369139171,6.767301501,2.267874598,0.177502425,0.159341822,125,150,125,16,15,29,28,55,57,4,5,1.21,1.211578947,1.21,1.210789474,0.75,0.767368421,0.45,0.45,0.012619416,0.007028205,D,-0.568452718
10004,1.218729535,12.35762595,5.129202438,0.189083163,0.183121517,75,150,125,48,37,23,22,29,41,7,3,1.37,1.331640625,1.3,1.27859375,1.63,1.343046875,0.56,0.51265625,0.013329585,0.00689824,C,-0.998951491
10005,1.261453879,11.99157885,4.856450758,0.191958434,0.182352444,125,150,125,16,15,29,28,55,57,4,5,1.21,1.273333333,1.21,1.266666667,0.75,0.833333333,0.45,0.433333333,0.013588042,0.00637771,C,-1.72079882
10006,1.818598895,16.90865042,6.705620343,0.197329464,0.196663876,25,150,125,16,15,29,28,55,57,4,5,1.21,1.345723613,1.21,1.298292683,0.75,0.980878525,0.45,0.409707158,0.014957275,0.007472215,C,-0.258686184
10007,1.137242268,15.59474328,5.993446409,0.215567216,0.219930275,25,50,50,43,0,34,0,23,0,26,0,1.39,1.471428571,1.46,1.46,1.4,0.992857143,0,0.126666667,0.018954104,0.007348479,C,-4.850440817
10008,3.684553578,17.46282477,6.98686701,0.198133916,0.199272234,25,150,125,48,37,23,28,29,41,4,5,1.37,1.354650767,1.3,1.303646953,1.63,1.060620221,0.45,0.427875956,0.014843248,0.007499927,C,-0.210593595
10009,1.593366708,10.04111733,3.769915278,0.1850301,0.172979488,125,150,125,16,15,29,28,55,57,4,5,1.21,1.210818182,1.21,1.210409091,0.75,0.759,0.45,0.45,0.014246735,0.007189626,D,-0.470610697
10010,1.357142857,7.350334314,2.528566758,0.179135022,0.162590963,125,150,125,16,15,29,28,55,57,4,5,1.21,1.211353383,1.21,1.210676692,0.75,0.764887218,0.45,0.45,0.0128661,0.006943385,D,-0.568197817
10011,1.584291645,16.00237128,6.261911357,0.198639863,0.196413167,25,150,125,16,15,29,28,55,57,4,5,1.21,1.338031088,1.21,1.298560461,0.75,0.823762887,0.45,0.36371134,0.015292987,0.007444827,C,-0.340857572
10012,1.682628798,17.26415382,7.295088145,0.198942101,0.200025105,75,125,75,49,40,27,24,24,36,10,10,1.4,1.387857143,1.32,1.311904762,1,1.255,0.42,0.476666667,0.015539641,0.007739341,C,-1.908423891
10013,39.11087091,17.91706842,7.565618567,0.209112014,0.225416327,75,150,150,42,40,36,35,22,25,9,12,1.4,1.38,1.38,1.347096774,1,1.146451613,0.4,0.444946237,0.01545382,0.009251335,C,-0.892498747
10014,1.365757687,18.83244373,7.485209378,0.207706613,0.210494183,25,150,50,79,70,10,10,11,20,4,8,1.57,1.438766667,1.46,1.386157025,0.5,0.854818482,0.28,0.284587459,0.016149401,0.007587375,C,-0.739225377
10015,1.294847468,19.55252252,7.823594993,0.212129651,0.216354035,25,150,50,79,70,10,10,11,20,4,8,1.57,1.473891892,1.46,1.432283465,0.5,0.887393617,0.28,0.217446809,0.017091906,0.007726428,C,-1.165906849
10016,2.220126762,17.48784434,6.948069944,0.197997779,0.198521814,25,150,125,16,15,29,28,55,57,4,5,1.21,1.352193309,1.21,1.301247544,0.75,1.031093605,0.45,0.421436515,0.014957096,0.007532701,C,-0.231515185
11001,8.430609756,20.01502042,7.430378032,0.213765199,0.219581367,25,150,25,43,0,34,0,23,0,26,0,1.39,1.434824561,1.46,1.421538462,1.4,1.099122807,0,0.154035088,0.019337131,0.008388938,C,-1.448909146
11002,4.501100514,18.58064352,6.935112221,0.21592105,0.22033453,25,150,25,43,0,34,0,23,0,26,0,1.39,1.427765957,1.46,1.4275,1.4,1.162765957,0,0.111914894,0.02046265,0.008449961,C,-1.959008057
11003,1.685863874,15.44181435,5.494248618,0.219969118,0.225460124,25,50,50,79,70,10,10,11,20,4,8,1.57,1.525,1.46,1.46,0.5,0.725,0.28,0.21,0.022320947,0.009161573,C,-12.23136166
11004,15.44767767,21.499554,8.068365455,0.213491982,0.22434285,50,150,50,79,70,10,10,11,20,4,8,1.57,1.5496,1.46,1.4504,0.5,0.56,0.28,0.2944,0.016683566,0.008202816,C,-3.300656726
11005,1.121487603,13.72996457,5.043789977,0.218650174,0.218652619,25,150,25,43,0,34,0,23,0,26,0,1.39,1.393134328,1.38,1.38,1.4,1.274626866,0,0.125373134,0.022970347,0.008835532,C,-5.713415487
11006,1.136497842,15.87496919,5.896931723,0.216944303,0.218221239,25,150,25,43,0,34,0,23,0,26,0,1.39,1.39204918,1.38,1.38,1.4,1.318032787,0,0.081967213,0.021648861,0.008416251,C,-3.006415347
11007,14.41046903,22.20272371,8.646058955,0.212708746,0.226036205,50,150,125,48,37,23,22,29,41,7,3,1.37,1.433301887,1.3,1.359622642,1.63,1.198490566,0.56,0.45245283,0.013957143,0.006796115,C,-1.266875789
11008,1.081497797,13.44793505,4.941515587,0.217809825,0.215073922,25,150,25,43,0,34,0,23,0,26,0,1.39,1.394166667,1.38,1.38,1.4,1.233333333,0,0.166666667,0.020995404,0.008443892,C,-8.048529416
11009,12.70758483,20.68309247,7.68717098,0.213870624,0.221232863,25,150,25,43,0,34,0,23,0,26,0,1.39,1.450064935,1.46,1.422608696,1.4,1.001948052,0,0.200779221,0.018425521,0.008181269,C,-0.99801401
11010,22.53780577,20.50302763,7.8873921,0.213242224,0.223262994,25,150,150,42,40,36,35,22,25,9,12,1.4,1.434422188,1.38,1.390971429,1,1.037180277,0.4,0.315254237,0.016325574,0.007762365,C,-0.437228003
11011,1.463122924,25.00920538,9.501413312,0.207114427,0.220454477,50,125,125,48,37,23,22,29,41,7,3,1.37,1.46,1.3,1.372,1.63,1.1215,0.56,0.434,0.014169034,0.006807873,C,-2.214664139
12001,1.428351784,4.630506213,1.830925293,0.195530731,0.194905612,25,125,125,16,15,29,28,55,57,4,5,1.21,1.228202247,1.21,1.21,0.75,0.815730337,0.45,0.404494382,0.025027617,0.007910088,D,-1.295693788
12002,8.384244373,7.19527008,3.054828265,0.191879206,0.185239525,125,150,150,20,20,24,22,56,58,2,4,1.22,1.224117647,1.21,1.214117647,1.2,1.105294118,0.63,0.555882353,0.018889066,0.007082114,D,-3.242385749
12003,2.173594004,5.559890392,2.08868197,0.204004821,0.20152378,25,150,125,16,15,29,28,55,57,4,5,1.21,1.303269598,1.21,1.238963415,0.75,0.97418738,0.45,0.269866157,0.024658598,0.008600422,D,-0.486361238
12004,7.875206289,5.96497393,2.246275431,0.194437178,0.19027784,25,150,125,16,15,29,28,55,57,4,5,1.21,1.26723913,1.21,1.223380282,0.75,0.94576087,0.45,0.363347826,0.02141097,0.007926217,D,-0.223664801
12005,2.257931034,8.496993881,3.576826656,0.19373077,0.187977726,125,150,150,21,18,28,28,51,54,5,5,1.23,1.224444444,1.22,1.217222222,0.97,0.908888889,0.45,0.45,0.017131468,0.006212465,D,-2.336775501
12006,1.337744839,6.003487852,2.455860207,0.186564216,0.177294609,125,125,125,16,15,29,28,55,57,4,5,1.21,1.210384615,1.21,1.21,0.75,0.767307692,0.45,0.456923077,0.018660655,0.006856486,D,-1.300266931
12007,1.481718809,11.89836905,5.67590099,0.192450557,0.185512128,125,150,125,16,15,29,28,55,57,4,5,1.21,1.215135135,1.21,1.212567568,0.75,0.806486486,0.45,0.45,0.012622799,0.006242357,C,-0.710223654
12008,9.06657837,9.081826439,3.885334814,0.195677785,0.192991842,25,150,125,16,15,29,28,55,57,4,5,1.21,1.24300716,1.21,1.220555195,0.75,0.956402148,0.45,0.443051909,0.018082702,0.007459727,D,-0.069354473
12009,7.739295718,14.29825268,6.508685194,0.197848576,0.205250435,75,150,125,48,37,23,22,29,41,7,3,1.37,1.348592593,1.3,1.288962963,1.63,1.227407407,0.56,0.482666667,0.015646238,0.007488154,C,-2.057805488
12010,2.087016575,5.840590401,2.288147047,0.179471225,0.170877735,125,125,125,16,15,29,28,55,57,4,5,1.21,1.211428571,1.21,1.21,0.75,0.814285714,0.45,0.475714286,0.018156736,0.006519759,D,-2.374672884
12011,1.23180593,7.325586793,3.237958992,0.190735864,0.183903388,125,150,150,21,18,28,28,51,54,5,5,1.23,1.223333333,1.22,1.215833333,0.97,0.953333333,0.45,0.48,0.019255151,0.007214182,D,-4.788659678
12012,2.198654709,5.675524807,2.610490201,0.196021762,0.191709665,125,150,150,21,18,28,28,51,54,5,5,1.23,1.22703125,1.22,1.21703125,0.97,1.03828125,0.45,0.5034375,0.020861766,0.006939932,D,-1.578337608
12013,1.153061224,6.803976074,2.628020428,0.191471372,0.181219031,125,150,150,21,18,28,28,51,54,5,5,1.23,1.227272727,1.22,1.218636364,0.97,0.94,0.45,0.45,0.016938105,0.007069716,D,-1.99776035
12014,14.15644556,9.790711069,3.864271534,0.182620959,0.17788852,125,150,125,21,18,28,28,51,54,5,5,1.23,1.220434783,1.22,1.215217391,0.97,0.864782609,0.45,0.45,0.013521535,0.005819769,C,-2.015337369
12015,1.176823177,9.839191088,4.01832241,0.192756468,0.183931712,125,150,150,21,18,28,28,51,54,5,5,1.23,1.227241379,1.22,1.21862069,0.97,0.939655172,0.45,0.45,0.013342164,0.007113353,C,-2.803899705
12016,2.447305998,6.114639222,2.1847982,0.220190999,0.220109467,25,150,25,43,0,34,0,23,0,26,0,1.39,1.446962025,1.46,1.46,1.4,1.115189873,0,0.088607595,0.024945761,0.0095209,D,-1.678851697
12017,2.34795539,10.30930256,4.048589026,0.186434287,0.179449047,125,150,125,16,15,29,28,55,57,4,5,1.21,1.216944444,1.21,1.213333333,0.75,0.835833333,0.45,0.455,0.013512378,0.005972009,C,-2.147199525
12018,5.38355681,5.628681464,2.256916339,0.197739292,0.189714933,125,150,125,16,15,29,28,55,57,4,5,1.21,1.213333333,1.21,1.210493827,0.75,0.866419753,0.45,0.492222222,0.021824292,0.007226452,D,-1.093928147
12019,2.909090909,5.675087659,2.047647938,0.224789039,0.223953248,25,150,25,43,0,34,0,23,0,26,0,1.39,1.467142857,1.46,1.46,1.4,1.014285714,0,0.12,0.026685317,0.010154393,D,-4.100663414
12020,8.801091889,8.698677197,3.676622096,0.195176609,0.191427525,25,150,125,16,15,29,28,55,57,4,5,1.21,1.239501953,1.21,1.217571429,0.75,0.949580078,0.45,0.440983073,0.018166419,0.007361269,D,-0.072119306
12021,14.52093023,6.263342565,2.401461088,0.187158637,0.187375467,25,125,125,16,15,29,28,55,57,4,5,1.21,1.266842105,1.21,1.21,0.75,0.955263158,0.45,0.307894737,0.019181603,0.007672815,D,-3.514367565
12022,1.208695652,5.837563516,2.023464001,0.216869764,0.211385724,25,150,150,43,0,10,0,11,0,4,0,1.39,1.48,1.46,1.46,0.5,0.95,0,0.14,0.024326086,0.009411546,D,-4.204497812
12023,1.122011542,7.432930768,2.864166615,0.186345572,0.173649102,125,150,150,21,18,28,28,51,54,5,5,1.23,1.221515152,1.22,1.215757576,0.97,0.876666667,0.45,0.45,0.015194436,0.007500975,D,-1.391063017
12024,3.025101215,5.677145913,2.133932816,0.228606015,0.231184708,25,25,25,43,0,34,0,23,0,26,0,1.39,1.395625,1.46,1.46,1.4,1.371875,0,0.00875,0.027425804,0.01068741,D,-4.47994589
12025,12.7050746,6.742596831,2.620392029,0.193583611,0.189350703,25,150,125,16,15,29,28,55,57,4,5,1.21,1.249385113,1.21,1.217863464,0.75,0.984347357,0.45,0.424185545,0.020018458,0.007456485,D,-0.1138737
12026,11.65359466,6.368105505,2.462086209,0.194054799,0.189681086,25,150,125,16,15,29,28,55,57,4,5,1.21,1.254134008,1.21,1.218687023,0.75,0.979178255,0.45,0.407458913,0.020611592,0.007660854,D,-0.135171438
12027,11.7244734,7.406977934,2.952728522,0.193534701,0.189163846,25,150,125,16,15,29,28,55,57,4,5,1.21,1.244322111,1.21,1.21682243,0.75,0.9755596,0.45,0.436578708,0.019159645,0.007290102,D,-0.090898496
12028,1.234096692,10.17855039,4.971801628,0.196053506,0.192813582,125,150,125,16,15,29,28,55,57,4,5,1.21,1.216,1.21,1.213,0.75,0.816,0.45,0.45,0.013365512,0.006909874,C,-1.902187651
12029,1.339102435,13.70172708,6.750278583,0.198181734,0.194872163,125,150,125,16,15,29,28,55,57,4,5,1.21,1.213741007,1.21,1.211870504,0.75,0.791151079,0.45,0.45,0.014751247,0.007191353,C,-0.788218948
12030,1.136142626,5.940934744,2.133218773,0.205129663,0.202867184,25,125,25,43,0,34,0,23,0,26,0,1.39,1.358235294,1.21,1.21,1.4,1.285294118,0,0.079411765,0.025576643,0.008926173,D,-3.064474938
12031,1.11965812,5.353033589,1.909670053,0.216228158,0.211927796,25,25,25,43,0,34,0,23,0,26,0,1.39,1.39,,,1.4,1.4,0,0,0.028765975,0.010318471,D,-6.982696514
12032,1.285185185,6.014116511,2.21359248,0.181441504,0.176249647,125,125,125,16,15,29,28,55,57,4,5,1.21,1.21,,1.21,0.75,0.75,0.45,0.45,0.018407646,0.007648631,D,-4.685382554
12033,16.58786408,7.700755587,2.899536273,0.184615684,0.179860469,125,150,125,16,15,29,28,55,57,4,5,1.21,1.216428571,,1.212678571,0.75,0.857142857,0.45,0.469285714,0.01652742,0.006292005,D,-1.375107177
12034,1.836672367,5.221275446,1.943463441,0.205839509,0.203827419,25,150,125,16,15,29,28,55,57,4,5,1.21,1.318159645,,1.247109375,0.75,1.009977827,0.45,0.241108647,0.024741393,0.008621182,D,-0.567542132
12035,10.35147877,8.276364072,3.425582369,0.193854998,0.189770949,25,150,125,16,15,29,28,55,57,4,5,1.21,1.240501961,,1.216281826,0.75,0.954517647,0.45,0.438431373,0.018465751,0.007190692,D,-0.079957103
12036,1.796458765,5.907077878,2.132173356,0.211733664,0.210141418,25,150,25,43,0,34,0,23,0,26,0,1.39,1.414352941,,1.389245283,1.4,1.141470588,0,0.102294118,0.024470121,0.009031348,D,-1.128996822
12037,2.85042333,4.600133083,1.892642254,0.214598689,0.209781028,25,150,125,16,15,29,28,55,57,4,5,1.21,1.225172414,,1.211481481,0.75,0.825172414,0.45,0.418965517,0.028037993,0.009684282,D,-2.199170176
12038,1.165021713,4.896498361,1.831536157,0.208701105,0.205534423,25,125,125,16,15,29,28,55,57,4,5,1.21,1.297428571,,1.21,0.75,1.065714286,0.45,0.231428571,0.024902737,0.00867011,D,-1.256827226
12039,11.13753122,7.697309987,3.088333216,0.193377008,0.189033699,25,150,125,16,15,29,28,55,57,4,5,1.21,1.242925577,,1.216732817,0.75,0.969298546,0.45,0.437382378,0.018839217,0.007206292,D,-0.08553655
12040,1.345119139,4.805579468,1.953132669,0.197090044,0.197095349,25,125,125,16,15,29,28,55,57,4,5,1.21,1.228947368,,1.21,0.75,0.818421053,0.45,0.402631579,0.022928416,0.007551727,D,-2.530943432
12041,12.92542373,5.373778914,2.229245693,0.203375502,0.198439981,125,150,125,16,15,29,28,55,57,4,5,1.21,1.214545455,,1.211212121,0.75,0.872121212,0.45,0.488181818,0.023636449,0.007717866,D,-4.021956436
12042,1.118395303,4.193500506,1.586872207,0.216507251,0.214360689,25,125,125,16,15,29,28,55,57,4,5,1.21,1.280714286,,1.21,0.75,1.005357143,0.45,0.273214286,0.027003898,0.008843499,D,-3.288721908
12043,19.17753414,6.737874485,2.526656539,0.18220038,0.178655269,25,125,125,16,15,29,28,55,57,4,5,1.21,1.230068493,,1.21,0.75,0.887671233,0.45,0.432123288,0.016852288,0.00701954,D,-0.801439922
12044,1.129154796,8.66018832,3.714951364,0.197544786,0.191575428,50,150,150,21,18,28,28,51,54,5,5,1.23,1.222142857,,1.216071429,0.97,0.883571429,0.45,0.45,0.015765655,0.007669471,D,-1.276202949
12045,1.868915929,11.79802118,5.911228838,0.202382085,0.207573785,50,150,150,21,18,28,28,51,54,5,5,1.23,1.2264,,1.2182,0.97,0.9304,0.45,0.45,0.021140391,0.007931035,C,-4.315530872
12046,10.79116321,6.116355527,2.306609603,0.193421716,0.188479352,25,150,125,16,15,29,28,55,57,4,5,1.21,1.256643599,,1.22012685,0.75,0.950138408,0.45,0.39816609,0.020736301,0.007660965,D,-0.171485826
12047,1.334177215,13.14653842,6.496457097,0.198071065,0.194504112,125,150,125,16,15,29,28,55,57,4,5,1.21,1.214227642,,1.212113821,0.75,0.796504065,0.45,0.45,0.014989712,0.00723988,C,-0.809280072
12048,1.348043297,5.551530843,2.754709937,0.189817862,0.185624949,150,150,150,21,18,28,28,51,54,5,5,1.23,1.23,,1.22,0.97,0.97,0.45,0.45,0.017209372,0.007014354,D,-2.228912764
12049,1.245831092,5.028365289,2.777367927,0.202789087,0.2033142,25,150,150,21,18,28,28,51,54,5,5,1.23,1.294,,1.22,0.97,1.142,0.45,0.27,0.021587191,0.007592068,D,-2.653128356
12050,1.957389428,5.801606287,2.623037138,0.202954586,0.20060004,25,150,150,21,18,28,28,51,54,5,5,1.23,1.273661972,,1.217615894,0.97,1.079107981,0.45,0.327464789,0.023223928,0.008406395,D,-0.900614916
12051,1.3867713,11.23478494,5.50975818,0.198314127,0.195819651,125,125,125,16,15,29,28,55,57,4,5,1.21,1.21,,1.21,0.75,0.75,0.45,0.45,0.01366882,0.007548678,C,-1.793913789
12052,1.821321321,7.751210776,3.199826569,0.182093512,0.175824515,125,150,125,16,15,29,28,55,57,4,5,1.21,1.214210526,,1.212105263,0.75,0.796315789,0.45,0.45,0.014701026,0.006915659,D,-2.565516804
13001,2.712984055,11.05544855,4.145399156,0.201858358,0.207986435,125,150,125,16,15,29,28,55,57,4,5,1.21,1.287272727,,1.296363636,0.75,1.240909091,0.45,0.536363636,0.013629915,0.008645923,C,-3.537862559
13002,1.604819277,7.909610282,3.997759714,0.206738922,0.208167658,125,150,125,16,15,29,28,55,57,4,5,1.21,1.215882353,,1.212941176,0.75,0.814705882,0.45,0.45,0.015676062,0.006954966,C,-1.454320143
13003,9.573653043,7.622089155,3.850856305,0.201559157,0.199745133,50,150,125,16,15,29,28,55,57,4,5,1.21,1.218753568,,1.214376784,0.75,0.846289248,0.45,0.45,0.016585146,0.007351896,D,-0.224065954
13004,1.321729218,6.581375864,3.384899491,0.198221919,0.194816533,50,150,150,21,18,28,28,51,54,5,5,1.23,1.225394322,,1.217697161,0.97,0.919337539,0.45,0.45,0.020168437,0.00798777,D,-0.590079002
13005,1.439877244,8.265754043,3.911675374,0.209801178,0.213885717,125,150,125,16,15,29,28,55,57,4,5,1.21,1.258059211,,1.257072368,0.75,0.983585526,0.45,0.473980263,0.016844685,0.007856801,C,-0.564644206
13006,1.21517805,5.473944533,2.710056205,0.198376112,0.19550707,50,150,150,21,18,28,28,51,54,5,5,1.23,1.226820084,,1.218410042,0.97,0.935020921,0.45,0.45,0.021407144,0.008261688,D,-0.839471983
13007,8.19974909,9.133853408,4.420282076,0.204019741,0.204968413,50,150,125,16,15,29,28,55,57,4,5,1.21,1.231317446,,1.227891187,0.75,0.89182554,0.45,0.459334532,0.016295683,0.007560164,C,-0.113180855
13008,8.04206422,8.425519945,4.17833653,0.204038082,0.204181072,50,150,125,16,15,29,28,55,57,4,5,1.21,1.228631868,,1.225637363,0.75,0.882697802,0.45,0.45828022,0.016236671,0.00744305,C,-0.135032963
13009,1.311803221,7.688057314,3.544164052,0.213028809,0.219293564,125,150,150,16,15,29,28,55,57,4,5,1.21,1.297278481,,1.297974684,0.75,1.142341772,0.45,0.496139241,0.018289867,0.007917384,D,-1.16530566
13010,14.82516116,7.543160766,3.48116928,0.201996984,0.199747426,50,150,125,16,15,29,28,55,57,4,5,1.21,1.214507042,,1.212253521,0.75,0.799577465,0.45,0.45,0.014962204,0.006773073,D,-0.468198241
13011,9.491088632,7.590890748,3.833959893,0.201518444,0.19973033,50,150,125,16,15,29,28,55,57,4,5,1.21,1.21879692,,1.21439846,0.75,0.846766121,0.45,0.45,0.016638238,0.007372645,D,-0.228279074
13012,6.91039823,7.448581314,3.284414181,0.202701869,0.19967319,50,150,125,16,15,29,28,55,57,4,5,1.21,1.214193548,,1.212096774,0.75,0.796129032,0.45,0.45,0.014595885,0.006274171,D,-0.589685186
13013,1.375260308,9.223603162,3.782816806,0.2060896,0.209288037,125,150,150,39,43,38,35,23,22,7,3,1.38,1.318461538,,1.325384615,1.83,1.360769231,0.64,0.555076923,0.015794033,0.007872419,D,-1.613944239
13014,1.235063279,6.104455116,3.076450897,0.198046445,0.194580518,50,150,150,21,18,28,28,51,54,5,5,1.23,1.22590106,,1.21795053,0.97,0.924911661,0.45,0.45,0.020688455,0.008084288,D,-0.687582208
13015,24.41646489,10.07654947,5.957354192,0.211051907,0.213609471,125,150,125,16,15,29,28,55,57,4,5,1.21,1.216666667,,1.213333333,0.75,0.823333333,0.45,0.45,0.017127078,0.006452966,C,-11.05786541
13016,8.154462341,8.603330057,4.207137619,0.204018725,0.204425466,50,150,125,16,15,29,28,55,57,4,5,1.21,1.229123711,,1.226304124,0.75,0.886469072,0.45,0.459237113,0.016094838,0.007458702,C,-0.126960699
13017,7.931731735,8.104975689,4.092109009,0.20358284,0.203306947,50,150,125,16,15,29,28,55,57,4,5,1.21,1.226117193,,1.222569221,0.75,0.869529942,0.45,0.45469414,0.016355136,0.007428402,C,-0.150646239
13018,1.359511344,8.218864877,3.736365408,0.209675369,0.217902312,125,150,150,21,18,28,28,51,54,5,5,1.23,1.221515152,,1.215757576,0.97,0.876666667,0.45,0.45,0.015712006,0.008214547,C,-2.361340603
13019,3.774076756,11.35028165,4.223397903,0.205384385,0.210867454,125,150,125,16,15,29,28,55,57,4,5,1.21,1.25744186,,1.263023256,0.75,1.051395349,0.45,0.503023256,0.014261294,0.009356047,C,-0.998262045
13020,1.267480577,9.87921068,4.414615654,0.200889732,0.203476614,125,150,150,21,18,28,28,51,54,5,5,1.23,1.226666667,,1.218333333,0.97,0.933333333,0.45,0.45,0.014602011,0.006762095,C,-3.644284377
13021,8.393660978,9.151026803,4.424617488,0.204067589,0.205077346,50,150,125,16,15,29,28,55,57,4,5,1.21,1.231212528,,1.227803132,0.75,0.891127517,0.45,0.459288591,0.016326087,0.007599782,C,-0.111843813
13022,1.388318863,9.168008511,4.871229088,0.204031316,0.205120176,125,150,125,16,15,29,28,55,57,4,5,1.21,1.218,,1.214,0.75,0.838,0.45,0.45,0.013874996,0.007375927,C,-1.958861761
13023,1.278394083,5.504550196,2.752071128,0.193610996,0.191813285,50,150,125,16,15,29,28,55,57,4,5,1.21,1.219259259,,1.21462963,0.75,0.851851852,0.45,0.45,0.016305418,0.007247123,D,-1.558483626
13024,8.234926433,9.05521477,4.389028373,0.204029719,0.204672362,50,150,125,16,15,29,28,55,57,4,5,1.21,1.231581374,,1.228206547,0.75,0.892378976,0.45,0.459571231,0.016202772,0.007496321,C,-0.118259948
13025,14.45226307,7.715013253,3.748091243,0.202321924,0.201086688,50,150,125,16,15,29,28,55,57,4,5,1.21,1.215107914,,1.212553957,0.75,0.80618705,0.45,0.45,0.014993027,0.007105971,D,-0.339984479
14001,1.251239669,10.38390545,4.40833164,0.247309099,0.266964018,50,150,50,49,38,28,23,23,39,10,5,1.4,1.40125,,1.3371875,0.58,0.8221875,0.4,0.4225,0.032697518,0.017375158,C,-4.833255138
14002,1.911966988,9.093180739,3.233197473,0.25591225,0.276927907,50,150,150,44,35,33,24,23,41,11,26,1.39,1.394285714,,1.298571429,0.99,1.05,0.38,0.392857143,0.040181368,0.01868856,D,-9.170768321
14003,1.254045307,10.62771019,4.334788226,0.242188314,0.257569285,50,150,50,49,38,28,23,23,39,10,5,1.4,1.403188406,,1.329130435,0.58,0.707536232,0.4,0.4,0.028966954,0.013925528,C,-2.097799875
14004,1.225248821,10.43591615,5.489554979,0.215903969,0.226919933,125,150,150,49,38,28,23,23,39,10,5,1.4,1.37125,,1.305178571,0.58,0.686785714,0.4,0.403928571,0.025691407,0.010702169,C,-2.583368812
14005,1.194756554,9.591552116,2.938855922,0.259147023,0.280366123,50,150,50,47,36,30,27,23,37,35,19,1.4,1.397333333,,1.304666667,1.13,1.074333333,0.41,0.401666667,0.046096753,0.02732037,D,-3.9631349
14006,1.404392765,9.596673654,3.783230445,0.231188711,0.238806857,50,150,150,49,38,28,23,23,39,10,5,1.4,1.4,,1.31,0.58,0.58,0.4,0.4,0.029965211,0.011806912,D,-3.492078634
14007,1.063255814,7.715572086,3.18600279,0.252405091,0.268715565,50,150,150,49,38,28,23,23,39,10,5,1.4,1.392758621,,1.317931034,0.58,0.951034483,0.4,0.433793103,0.040550606,0.019485606,D,-7.688114006
14008,1.183303085,10.21459854,5.375852245,0.203497754,0.211013087,125,150,150,49,38,28,23,23,39,10,5,1.4,1.368225806,,1.303709677,0.58,0.690806452,0.4,0.410322581,0.022830385,0.009190532,C,-2.386361339
14009,1.252077562,9.10004378,4.286056366,0.249577882,0.269665067,50,50,50,49,38,28,23,23,39,10,5,1.4,1.398181818,,1.318181818,0.58,0.693636364,0.4,0.421818182,0.03348022,0.01567414,C,-8.96242709
14010,1.082382763,8.194456173,2.971117399,0.254193039,0.272457136,150,150,150,44,35,33,24,23,41,11,26,1.39,1.39,,1.29,0.99,0.99,0.38,0.38,0.041895844,0.019362453,D,-12.38764422
14011,1.207207207,9.864325629,4.304693941,0.249470463,0.267819272,50,150,50,49,38,28,23,23,39,10,5,1.4,1.39625,,1.326875,0.58,0.814375,0.4,0.445,0.034362454,0.017576202,C,-8.027043855
14012,1.032528856,8.801553453,3.610700464,0.223259148,0.226722351,150,150,150,49,38,28,23,23,39,10,5,1.4,1.4,,1.31,0.58,0.58,0.4,0.4,0.028940622,0.010580927,D,-4.874383157
14013,1.083629893,9.579770352,3.301558931,0.254509045,0.274860551,50,150,150,44,35,33,24,23,41,11,26,1.39,1.390666667,,1.291333333,0.99,0.999333333,0.38,0.382,0.040466035,0.01643882,D,-13.76018613
14014,1.015348288,8.846401356,3.504646681,0.23633121,0.246042658,50,150,50,49,38,28,23,23,39,10,5,1.4,1.4,,1.31,0.58,0.58,0.4,0.4,0.030456075,0.012253605,D,-7.335817378
14015,1.171974522,10.07908287,4.132971091,0.248796573,0.270141409,50,50,50,49,38,28,23,23,39,10,5,1.4,1.4,,1.31,0.58,0.58,0.4,0.4,0.03655593,0.019156787,C,-14.80531846
14016,1.384055333,9.700141349,3.872014599,0.231621822,0.240587191,50,150,150,49,38,28,23,23,39,10,5,1.4,1.38972973,,1.304594595,0.58,0.589189189,0.4,0.402702703,0.029190063,0.011697134,D,-3.28359835
14017,1.401318071,9.771791925,3.920984201,0.231781455,0.241058203,50,150,150,49,38,28,23,23,39,10,5,1.4,1.385384615,,1.302307692,0.58,0.593076923,0.4,0.403846154,0.028898217,0.011703914,D,-3.194630469
15001,1.663972286,10.72855063,3.532761588,0.261528157,0.282050286,50,150,150,44,35,33,24,23,41,11,26,1.39,1.3916,,1.2932,0.99,1.0124,0.38,0.3848,0.048928873,0.018835606,D,-6.744563914
15002,1.274576271,10.61857436,3.410835783,0.269641938,0.291766175,150,150,150,44,35,33,24,23,41,11,26,1.39,1.39,,1.29,0.99,0.99,0.38,0.38,0.047974344,0.016952238,D,-4.663137146
15003,1.111504425,13.26474011,4.622461216,0.260572762,0.276143854,150,150,150,46,41,30,26,24,33,5,7,1.39,1.3903125,,1.321875,1.73,1.456875,0.77,0.6246875,0.041953148,0.012699,C,-2.997782134
15004,1.103658537,7.180726579,2.478254939,0.275083969,0.29091071,50,150,150,44,35,33,24,23,41,11,26,1.39,1.394444444,,1.298888889,0.99,1.052222222,0.38,0.393333333,0.041003919,0.013161021,D,-12.51412429
15005,2.716096324,8.24651434,2.660656746,0.285522769,0.302051177,50,150,50,47,36,30,27,23,37,35,19,1.4,1.396136364,,1.317045455,1.13,1.294545455,0.41,0.513636364,0.053600663,0.017377818,D,-5.789759326
15006,1.308333333,10.8246365,3.433766605,0.267026733,0.286773619,50,150,50,47,36,30,27,23,37,35,19,1.4,1.3975,,1.305,1.13,1.095,0.41,0.4025,0.053388696,0.024361573,D,-3.714207417
15007,1.689863843,7.185348745,2.463738095,0.27017921,0.28657955,50,150,150,44,35,33,24,23,41,11,26,1.39,1.393333333,,1.296666667,0.99,1.036666667,0.38,0.39,0.046212578,0.016299148,D,-15.77065347
15008,1.310632911,11.73816453,3.656126917,0.262114281,0.284376374,50,150,150,47,36,30,27,23,37,35,19,1.4,1.395794393,,1.301588785,1.13,1.014579439,0.41,0.39635514,0.048911805,0.02077272,C,-2.044325726
15009,1.138964578,13.33858721,4.022391384,0.260573681,0.284548426,50,150,50,47,36,30,27,23,37,35,19,1.4,1.398387097,,1.306774194,1.13,0.965483871,0.41,0.402580645,0.050484924,0.021488137,C,-5.166582646
15010,2.275510204,11.14993289,3.599794429,0.258974116,0.282981624,50,150,50,47,36,30,27,23,37,35,19,1.4,1.397647059,,1.305294118,1.13,1.097058824,0.41,0.402941176,0.052736602,0.027256819,D,-2.630731677
15011,1.529032258,7.67062173,2.668419987,0.283437856,0.295215165,50,150,50,47,36,30,27,23,37,35,19,1.4,1.395714286,,1.301428571,1.13,1.07,0.41,0.397142857,0.047093263,0.015516363,D,-14.46209634
15012,1.442791762,8.859162598,2.892804206,0.277192077,0.294626363,50,150,50,47,36,30,27,23,37,35,19,1.4,1.396521739,,1.303043478,1.13,1.081304348,0.41,0.399565217,0.041822384,0.01321104,D,-11.05309652
15013,1.577731092,11.61855982,3.337689532,0.26245521,0.286233975,50,150,150,44,35,33,24,23,41,11,26,1.39,1.3904,,1.2908,0.99,0.9956,0.38,0.3812,0.045529975,0.013986038,D,-7.070906479
15014,1.71253406,8.851023586,2.968091443,0.277481034,0.29341046,50,150,50,47,36,30,27,23,37,35,19,1.4,1.396190476,,1.302380952,1.13,1.076666667,0.41,0.398571429,0.045343758,0.014391619,D,-12.61252737
15015,1.26599064,12.18241095,3.767493193,0.254182004,0.275923222,50,150,50,44,35,33,24,23,41,11,26,1.39,1.394444444,,1.298888889,0.99,1.052222222,0.38,0.393333333,0.042187493,0.013810812,D,-3.597036027
15016,1.817751649,14.47821122,4.594461024,0.252294092,0.27239259,50,150,150,44,35,33,24,23,41,11,26,1.39,1.385,,1.299175258,0.99,1.092371134,0.38,0.436546392,0.039191633,0.013237369,D,-1.453518915
15017,3.183723798,11.04803691,3.523375917,0.273936986,0.293969752,50,150,150,47,36,30,27,23,37,35,19,1.4,1.395797101,,1.307391304,1.13,1.125072464,0.41,0.442028986,0.053118199,0.023820428,D,-5.325293456
15018,1.866434379,8.502153729,2.694787475,0.266830081,0.27584962,25,150,150,44,35,33,24,23,41,11,26,1.39,1.412608696,,1.323913043,0.99,1.001304348,0.38,0.38173913,0.059999833,0.021565535,D,-12.19809529
15019,1.8443519,7.762972333,2.746472417,0.285189213,0.298968692,25,150,50,47,36,30,27,23,37,35,19,1.4,1.396315789,,1.304259259,1.13,1.112982456,0.41,0.385789474,0.051804671,0.017244378,D,-7.877023357
15020,1.24655069,17.72323654,5.90633321,0.244542238,0.263366727,125,150,150,44,35,33,24,23,41,11,26,1.39,1.375483871,,1.300967742,0.99,1.146344086,0.38,0.485698925,0.034995773,0.011735842,C,-1.969786024
15021,1.407467864,7.488572785,2.5712615,0.294782927,0.307288431,25,150,150,47,36,30,27,23,37,35,19,1.39,1.393623188,,1.311259259,1.13,1.234492754,0.38,0.481521739,0.058064779,0.019135812,D,-4.3265862
15022,1.373876987,7.699084509,2.696065403,0.278643219,0.292405832,50,150,50,47,36,30,27,23,37,35,19,1.4,1.396315789,,1.302631579,1.13,1.078421053,0.41,0.398947368,0.05116206,0.017849985,D,-6.08699777
15023,1.184292379,9.85939175,2.881106272,0.276804889,0.297067503,50,150,50,47,36,30,27,23,37,35,19,1.4,1.398787879,,1.312424242,1.13,1.080606061,0.41,0.406060606,0.056601774,0.021175322,D,-2.952048619
15024,1.388788427,10.76925228,3.160211667,0.268468705,0.2892722,50,150,150,44,35,33,24,23,41,11,26,1.39,1.392580645,,1.29516129,0.99,1.026129032,0.38,0.387741935,0.046917735,0.016921703,D,-8.321364135
15025,1.111111111,12.24311927,3.680335607,0.265592218,0.287114305,50,150,50,47,36,30,27,23,37,35,19,1.4,1.39875,,1.3075,1.13,0.997916667,0.41,0.404166667,0.053934295,0.026745553,C,-7.149030542
15026,5.154195011,8.636419913,2.879797069,0.275791738,0.290183379,50,150,150,44,35,33,24,23,41,11,26,1.39,1.394081633,,1.298163265,0.99,1.047142857,0.38,0.392244898,0.044898914,0.01433326,D,-7.026741804
15027,1.144736842,8.607740067,2.792295478,0.275229265,0.283415482,50,150,150,44,35,33,24,23,41,11,26,1.39,1.394444444,,1.298888889,0.99,1.052222222,0.38,0.393333333,0.060684079,0.020486181,D,-18.31816816
15028,0.977346278,8.061571704,2.638635887,0.273143737,0.280667662,25,150,150,44,35,33,24,23,41,11,26,1.39,1.392,,1.294,0.99,1.018,0.38,0.386,0.061311448,0.021324136,D,-8.513424563
15029,1.056277056,9.698466049,3.127832521,0.289746914,0.302625666,50,150,150,46,41,30,26,24,33,5,7,1.39,1.391666667,,1.326666667,1.73,1.506666667,0.77,0.645,0.075489833,0.039198146,D,-8.375875924
15030,2.069582505,8.027157374,2.808425904,0.278712086,0.293702116,25,150,50,47,36,30,27,23,37,35,19,1.4,1.397142857,,1.305384615,1.13,1.119285714,0.41,0.374285714,0.048438182,0.017041867,D,-8.866699724
15031,1.025830258,7.156599761,2.492821701,0.298226848,0.309857694,25,150,150,46,41,30,26,23,33,5,7,1.39,1.39,,1.3175,1.73,1.397391304,0.77,0.516956522,0.061383994,0.019826371,D,-9.603470157
15032,1.297674419,11.41891102,3.62984946,0.259711055,0.281868367,50,150,150,44,35,33,24,23,41,11,26,1.39,1.393333333,,1.296666667,0.99,1.036666667,0.38,0.39,0.046647072,0.019530335,D,-16.70643457
16001,2.307515337,14.1285436,4.850166235,0.249184526,0.267325921,25,150,150,81,69,7,8,12,23,10,10,1.56,1.541527778,,1.44295082,0.53,0.662916667,0.26,0.230277778,0.030775124,0.012194198,C,-4.506719953
16002,1.970415182,13.73049255,4.477773106,0.257077099,0.272966071,50,150,150,81,69,7,8,12,23,10,10,1.56,1.55810089,,1.438575668,0.53,0.535578635,0.26,0.26189911,0.034331098,0.014769145,C,-2.078197675
16003,1.049067212,13.06195353,4.286521048,0.257004682,0.27099768,150,150,150,81,69,7,8,12,23,10,10,1.56,1.554285714,,1.435714286,0.53,0.546785714,0.26,0.265714286,0.033744253,0.015590919,C,-3.944725857
16004,1.223731154,13.24218781,4.298064825,0.258422678,0.273320803,50,150,150,81,69,7,8,12,23,10,10,1.56,1.557344398,,1.438008299,0.53,0.53780083,0.26,0.262655602,0.035307344,0.015658192,C,-2.58201346
16005,1.00565813,13.65184513,4.376993014,0.255291676,0.270517893,150,150,150,81,69,7,8,12,23,10,10,1.56,1.56,,1.44,0.53,0.53,0.26,0.26,0.030919504,0.012003819,C,-3.185993779
16006,0.965547703,13.42888587,4.08722155,0.258344768,0.273991865,150,150,150,81,69,7,8,12,23,10,10,1.56,1.545,,1.4278125,0.53,0.5346875,0.26,0.273125,0.033853463,0.013257555,C,-6.48163546
16007,1.529192296,13.60834329,4.407588779,0.257474882,0.272726154,50,150,150,81,69,7,8,12,23,10,10,1.56,1.557664234,,1.438248175,0.53,0.536861314,0.26,0.262335766,0.034646052,0.015146816,C,-2.159753036
16008,1.061755952,13.52784894,4.609107374,0.251636463,0.265446695,150,150,150,81,69,7,8,12,23,10,10,1.56,1.56,,1.44,0.53,0.53,0.26,0.26,0.02854265,0.010797341,C,-7.76157418
16009,1.021276596,11.03049984,3.42057532,0.267453889,0.287777388,50,50,50,81,69,7,8,12,23,10,10,1.56,1.56,,1.44,0.53,0.53,0.26,0.26,0.03984438,0.018211465,D,-21.57048619
16010,1.58331394,18.34922776,6.767315062,0.21852772,0.232638778,25,150,150,47,39,29,27,24,34,9,8,1.39,1.374285714,,1.312162162,0.86,1.095630252,0.38,0.259411765,0.029909084,0.013045764,C,-1.57893768
16011,1.005494505,11.68277038,3.947459659,0.261698255,0.274571583,50,150,50,81,69,7,8,12,23,10,10,1.56,1.56,,1.44,0.53,0.53,0.26,0.26,0.037938938,0.017361111,C,-44.49530785
16012,2.383990852,14.19103042,4.893055715,0.25283769,0.267477648,50,150,150,81,69,7,8,12,23,10,10,1.56,1.562727273,,1.440082645,0.53,0.535826446,0.26,0.268264463,0.031903798,0.013375632,C,-1.372637147
16013,1.0680138,12.69958425,4.243493371,0.260765663,0.275241417,150,150,150,81,69,7,8,12,23,10,10,1.56,1.550943396,,1.433207547,0.53,0.556603774,0.26,0.269056604,0.039488674,0.019198809,C,-4.634707814
16014,2.827968431,14.50951278,4.814933324,0.251424951,0.268034709,100,150,150,81,69,7,8,12,23,10,10,1.56,1.512604502,,1.408231511,0.53,0.570353698,0.26,0.302475884,0.02915351,0.011228187,C,-1.222599104
16015,6.741552172,17.95555889,6.071516782,0.206621099,0.217173693,25,150,150,47,39,29,27,24,34,9,8,1.39,1.358243243,,1.305441176,0.86,0.968783784,0.38,0.398783784,0.033766711,0.016644555,C,-3.344838389
17001,1.022170362,13.68883187,4.089917745,0.261595729,0.277749684,25,150,25,43,0,34,0,23,0,26,0,1.39,1.39,,1.34,1.4,1.4825,0,0.1925,0.050065399,0.017030679,C,-5.530144746
17002,1.275009568,17.85350544,5.362564726,0.231782315,0.247035907,25,150,150,47,39,29,27,24,34,9,8,1.39,1.372734807,,1.315618729,0.86,0.939475138,0.38,0.320911602,0.024027621,0.008406964,C,-0.924502113
17003,1.225462119,23.76715865,6.558673887,0.226437222,0.252148555,25,150,150,47,39,29,27,24,34,9,8,1.39,1.390462963,,1.329029126,0.86,0.872037037,0.38,0.363333333,0.020208717,0.008496757,C,-2.074978108
17004,1.238888889,16.11601357,4.912787137,0.237793278,0.245400104,125,150,125,16,15,29,28,55,57,4,5,1.21,1.226363636,,1.220909091,0.75,0.76,0.45,0.443636364,0.030742533,0.008389252,C/D,-6.596152111
17005,2.965294715,17.10531939,5.13819165,0.234619275,0.248775885,25,150,150,47,39,29,27,24,34,9,8,1.39,1.379012797,,1.320023866,0.86,0.975886654,0.38,0.295959781,0.026746887,0.008763818,C,-0.573972
17006,1.240547588,23.57100906,6.326441936,0.227472417,0.25641947,125,150,150,47,39,29,27,24,34,9,8,1.39,1.38994152,,1.318888889,0.86,0.741169591,0.38,0.38994152,0.020121811,0.009269465,C,-1.193986807
17007,1.443334781,17.9559249,6.177842763,0.233990373,0.251443321,25,150,125,16,15,29,28,55,57,4,5,1.21,1.31828125,,1.280598291,0.75,0.758671875,0.45,0.373828125,0.042604636,0.015712023,C/D,-1.497853019
17008,0.975609756,11.89784934,3.484553662,0.260003803,0.271141831,25,25,25,43,0,34,0,23,0,26,0,1.39,1.39,,,1.4,1.4,0,0,0.043321508,0.013660345,D,-14.71503093
17009,6.131092241,15.66760398,4.561418898,0.241086947,0.249953457,25,150,150,47,39,29,27,24,34,9,8,1.39,1.385413223,,1.324680851,0.86,0.999256198,0.38,0.303429752,0.032562676,0.010669589,C,-0.90944438
17010,1.269333333,16.51355605,5.005430507,0.238109377,0.250820671,150,150,150,47,39,29,27,24,34,9,8,1.39,1.39,,1.33,0.86,0.86,0.38,0.38,0.030970813,0.008753845,C/D,-1.931052302
17011,2.028643036,15.5934907,5.050835394,0.23464837,0.245998145,25,150,150,79,70,10,10,11,20,4,8,1.57,1.48724359,,1.413809524,0.5,0.742628205,0.28,0.251089744,0.045241774,0.017658068,C,-1.098693022
17012,3.220743773,15.4046326,4.654151224,0.244521739,0.253292771,25,150,25,43,0,34,0,23,0,26,0,1.39,1.3345,,1.24972973,1.4,1.124125,0,0.197625,0.037314046,0.013766788,C,-2.831852445
17013,1.11106672,14.5578125,4.64327131,0.234387219,0.243039456,25,150,150,47,39,29,27,24,34,9,8,1.39,1.346285714,,1.298125,0.86,0.879571429,0.38,0.364428571,0.025849974,0.008003966,C,-3.163549438
17014,1.491053678,15.77143677,4.53744192,0.24739058,0.257281878,25,150,25,43,0,34,0,23,0,26,0,1.39,1.39,,1.33,1.4,1.168571429,0,0.162857143,0.041014908,0.015324728,C,-11.74435225
17015,4.387912248,16.42614043,5.090277031,0.243611892,0.259859993,25,150,150,47,39,29,27,24,34,9,8,1.39,1.399183673,,1.337793103,0.86,1.043112245,0.38,0.301326531,0.0399236,0.013572208,C,-1.396250097
17016,46.01969058,16.74656356,4.52683413,0.231324187,0.237572561,50,150,150,81,70,9,9,10,21,4,4,1.59,1.563333333,,1.442857143,0.57,0.639047619,0.3,0.315238095,0.031818936,0.010202603,C,-2.224607199
17017,10.53637032,15.68292288,4.655428652,0.244797603,0.254143394,25,150,150,47,0,29,0,23,0,26,0,1.39,1.37,,1.307391304,1.4,1.040810811,0,0.247837838,0.036368505,0.010974936,C,-3.675995313
17018,1.247555866,28.92695138,7.453648797,0.221700446,0.255771142,150,150,150,49,38,28,23,23,39,10,5,1.4,1.398860759,,1.312278481,0.58,0.611898734,0.4,0.397721519,0.019523947,0.010442477,C,-1.763752721
17019,1.25647349,13.14560965,4.327786283,0.259658908,0.274905246,25,150,150,47,39,29,27,24,34,9,8,1.39,1.39,,1.327857143,0.86,1.065208333,0.38,0.389375,0.048542291,0.016633469,C,-4.994817033
17020,3.72794899,16.94197817,4.985955247,0.236100326,0.245007268,50,150,150,47,39,29,27,24,34,9,8,1.39,1.3904,,1.3292,0.86,0.8708,0.38,0.3812,0.0289003,0.008100259,C,-1.245278295
17021,1.148248895,14.85997568,4.717036719,0.233836316,0.242720816,25,150,150,47,39,29,27,24,34,9,8,1.39,1.336,,1.291081081,0.86,0.8675,0.38,0.3725,0.025972168,0.007889042,C,-3.083745486
17022,1.338012959,18.6794586,5.408927956,0.23472846,0.253900329,25,150,150,47,39,29,27,24,34,9,8,1.39,1.3825323,,1.318424242,0.86,0.88248062,0.38,0.331317829,0.024412667,0.009477374,C,-0.647946761
17023,1.307519136,14.53775694,4.496814554,0.246519477,0.255288276,25,150,25,43,0,34,0,23,0,26,0,1.39,1.320847458,,1.211304348,1.4,1.15779661,0,0.175423729,0.036526038,0.012233562,C,-5.18913241
17024,2.141004054,18.38121708,5.367096469,0.235089416,0.253366447,25,150,150,47,39,29,27,24,34,9,8,1.39,1.384129464,,1.320489691,0.86,0.881875,0.38,0.335691964,0.025177383,0.009393274,C,-0.521522488
17025,1.210484512,14.7353776,4.435867719,0.245986188,0.256843924,25,150,25,43,0,34,0,23,0,26,0,1.39,1.39,,1.33,1.4,1.187272727,0,0.14969697,0.034945245,0.010971056,C,-2.882211157
